name,position,team,xP,assists,bonus,bps,clean_sheets,creativity,expected_assists,expected_goal_involvements,expected_goals,expected_goals_conceded,goals_conceded,goals_scored,ict_index,influence,minutes,opponent_team,own_goals,penalties_missed,penalties_saved,red_cards,round,saves,selected,starts,team_a_score,team_h_score,threat,total_points,value,0,yellow_cards
Ângelo Gabriel Borges Damaceno,MID,Chelsea,0,0,0,0,0,0,0,0,0,0,0,0,0,0,0,13,0,0,0,0,1,0,30921,0,2,0,0,0,45,TRUE,0
Álex Moreno Lopera,DEF,Aston Villa,1.9,0,0,0,0,0,0,0,0,0,0,0,0,0,0,19,0,0,0,0,1,0,60127,0,2,1,0,0,45,FALSE,0
Đorđe Petrović,GK,Chelsea,1.2,0,0,0,0,0,0,0,0,0,0,0,0,0,0,13,0,0,0,0,1,0,70701,0,2,0,0,0,45,TRUE,0
Łukasz Fabiański,GK,West Ham,1,0,0,0,0,0,0,0,0,0,0,0,0,0,0,2,0,0,0,0,1,0,1150090,0,2,1,0,0,40,TRUE,0
Aaron Cresswell,DEF,West Ham,1,0,0,0,0,0,0,0,0,0,0,0,0,0,0,2,0,0,0,0,1,0,215475,0,2,1,0,0,40,TRUE,0
Aaron Hickey,DEF,Brentford,0,0,0,0,0,0,0,0,0,0,0,0,0,0,0,7,0,0,0,0,1,0,3440,0,1,2,0,0,45,TRUE,0
Aaron Ramsdale,GK,Arsenal,3.2,0,0,0,0,0,0,0,0,0,0,0,0,0,0,20,0,0,0,0,1,0,68531,0,0,2,0,0,45,TRUE,0
Aaron Wan-Bissaka,DEF,West Ham,1.9,0,0,0,0,0,0,0,0,0,0,0,0,0,0,2,0,0,0,0,1,0,168413,0,2,1,0,0,45,TRUE,0
Abdoulaye Doucouré,MID,Everton,2,0,0,2,0,3.2,0.01,0.15,0.14,1.13,2,0,1.1,2.4,62,5,0,0,0,0,1,0,46194,1,3,0,5,2,55,TRUE,0
Abdul Fatawu,MID,Leicester,1.5,1,3,37,0,32.5,0.6,0.6,0,1.23,1,0,8,45,90,18,0,0,0,0,1,0,29601,1,1,1,2,8,55,TRUE,0
Adam Armstrong,FWD,Southampton,0.7,0,0,5,0,12.9,0.08,0.79,0.71,0.25,1,0,5.8,7.8,90,15,0,0,0,0,1,0,147689,1,0,1,37,2,55,FALSE,0
Adam Lallana,MID,Southampton,0,0,0,0,0,0,0,0,0,0,0,0,0,0,0,15,0,0,0,0,1,0,3466,0,0,1,0,0,50,FALSE,0
Adam Smith,DEF,Bournemouth,1.9,0,0,8,0,4.5,0.01,0.01,0,1.02,1,0,1.2,7.8,62,16,0,0,0,0,1,0,14466,1,1,1,0,2,45,FALSE,0
Adam Webster,DEF,Brighton,1.9,0,0,9,0,0.7,0.02,0.02,0,0,0,0,0.8,5.6,14,8,0,0,0,0,1,0,9097,0,3,0,2,1,45,FALSE,0
Adam Wharton,MID,Crystal Palace,1.6,0,0,18,0,1.8,0.02,0.11,0.09,0.64,1,0,3.4,14.2,73,4,0,0,0,0,1,0,43419,1,1,2,18,2,50,FALSE,0
Adama Traoré,MID,Fulham,1.6,0,0,5,1,3.8,0.02,0.12,0.1,1.57,0,0,1.9,1,77,14,0,0,0,0,1,0,21783,1,0,1,14,3,50,FALSE,0
Adrian Mazilu,MID,Brighton,1,0,0,0,0,0,0,0,0,0,0,0,0,0,0,8,0,0,0,0,1,0,3835,0,3,0,0,0,45,FALSE,0
Alejandro Garnacho,MID,Man Utd,2.3,1,0,11,0,25,0.09,0.77,0.68,0.23,0,0,5.5,21.2,29,9,0,0,0,0,1,0,1548926,0,0,1,9,4,65,TRUE,0
Alejo Véliz,FWD,Spurs,0,0,0,0,0,0,0,0,0,0,0,0,0,0,0,11,0,0,0,0,1,0,1545,0,1,1,0,0,50,FALSE,0
Alex Iwobi,MID,Fulham,2,0,0,5,0,10.9,0.15,0.19,0.04,2.43,1,0,3.5,11,90,14,0,0,0,0,1,0,44896,1,0,1,13,2,55,FALSE,0
Alex McCarthy,GK,Southampton,1.2,0,0,2,0,0,0,0,0,0.25,1,0,0,0,90,15,0,0,0,0,1,0,13740,1,0,1,0,2,45,FALSE,0
Alex Mighten,MID,Nott'm Forest,1,0,0,0,0,0,0,0,0,0,0,0,0,0,0,3,0,0,0,0,1,0,4017,0,1,1,0,0,45,TRUE,0
Alex Murphy,DEF,Newcastle,2,0,0,0,0,0,0,0,0,0,0,0,0,0,0,17,0,0,0,0,1,0,69252,0,0,1,0,0,40,TRUE,0
Alex Paulsen,GK,Bournemouth,0,0,0,0,0,0,0,0,0,0,0,0,0,0,0,16,0,0,0,0,1,0,5098,0,1,1,0,0,40,FALSE,0
Alex Scott,MID,Bournemouth,1.6,0,0,11,0,12.8,0.01,0.01,0,1.02,1,0,3.6,22.8,62,16,0,0,0,0,1,0,4339,1,1,1,0,2,50,FALSE,0
Alexander Isak,FWD,Newcastle,3.6,1,0,22,1,10.8,0.08,0.08,0,1.77,0,0,4.2,25.6,90,17,0,0,0,0,1,0,5199017,1,0,1,6,5,85,TRUE,0
Alexis Mac Allister,MID,Liverpool,3.3,0,0,7,1,9.3,0.06,0.16,0.1,0.45,0,0,1.9,2.6,90,10,0,0,0,0,1,0,222591,1,2,0,7,3,65,FALSE,0
Alfie Devine,MID,Spurs,1.5,0,0,0,0,0,0,0,0,0,0,0,0,0,0,11,0,0,0,0,1,0,9576,0,1,1,0,0,45,FALSE,0
Alfie Gilchrist,DEF,Chelsea,0,0,0,0,0,0,0,0,0,0,0,0,0,0,0,13,0,0,0,0,1,0,10496,0,2,0,0,0,40,TRUE,0
Alfie Whiteman,GK,Spurs,1.5,0,0,0,0,0,0,0,0,0,0,0,0,0,0,11,0,0,0,0,1,0,117595,0,1,1,0,0,40,FALSE,0
Ali Al-Hamadi,FWD,Ipswich,0.4,0,0,2,0,0,0,0,0,0.58,0,0,0.4,2,16,12,0,0,0,0,1,0,32399,0,2,0,2,1,50,TRUE,0
Alisson Ramses Becker,GK,Liverpool,5,0,1,28,1,0,0,0,0,0.45,0,0,1.8,18.4,90,10,0,0,0,0,1,2,892671,1,2,0,0,7,55,FALSE,0
Alphonse Areola,GK,West Ham,2.2,0,0,5,0,0,0,0,0,2.03,2,0,1,10,90,2,0,0,0,0,1,1,858916,1,2,1,0,1,45,TRUE,0
Altay Bayindir,GK,Man Utd,2.2,0,0,0,0,0,0,0,0,0,0,0,0,0,0,9,0,0,0,0,1,0,9227,0,0,1,0,0,45,TRUE,0
Amad Diallo,MID,Man Utd,1.6,0,0,11,1,19.1,0.13,0.13,0,0.21,0,0,3.3,7.4,60,9,0,0,0,0,1,0,313496,1,0,1,6,3,50,TRUE,0
Amadou Onana,MID,Aston Villa,1.6,0,3,38,0,4.3,0.01,0.56,0.55,2.46,1,1,8.6,48.2,90,19,0,0,0,0,1,0,74901,1,2,1,33,10,50,FALSE,0
Amario Cozier-Duberry,MID,Brighton,1,0,0,0,0,0,0,0,0,0,0,0,0,0,0,8,0,0,0,0,1,0,13388,0,3,0,0,0,45,FALSE,0
André Onana,GK,Man Utd,3.1,0,0,25,1,0,0,0,0,0.44,0,0,1.7,16.8,90,9,0,0,0,0,1,2,517448,1,0,1,0,6,50,TRUE,0
Andreas Hoelgebaum Pereira,MID,Fulham,2,0,0,15,0,83,0.16,0.16,0,1.77,1,0,9.6,11,90,14,0,0,0,0,1,0,356810,1,0,1,2,1,55,FALSE,1
Andrew Moran,MID,Brighton,1.6,0,0,0,0,0,0,0,0,0,0,0,0,0,0,8,0,0,0,0,1,0,486,0,3,0,0,0,50,FALSE,0
Andrew Omobamidele,DEF,Nott'm Forest,1.9,0,0,0,0,0,0,0,0,0,0,0,0,0,0,3,0,0,0,0,1,0,6608,0,1,1,0,0,45,TRUE,0
Andrew Robertson,DEF,Liverpool,4.2,0,0,24,1,17.1,0.13,0.13,0,0.41,0,0,3.3,12,78,10,0,0,0,0,1,0,392551,1,2,0,4,6,60,FALSE,0
Andrey Nascimento dos Santos,MID,Chelsea,0,0,0,0,0,0,0,0,0,0,0,0,0,0,0,13,0,0,0,0,1,0,910,0,2,0,0,0,45,TRUE,0
Andy Irving,MID,West Ham,1.6,0,0,0,0,0,0,0,0,0,0,0,0,0,0,2,0,0,0,0,1,0,2056,0,2,1,0,0,50,TRUE,0
Anthony Elanga,MID,Nott'm Forest,2,0,0,13,0,25.1,0.16,0.18,0.02,0.55,0,0,4.5,10.4,53,3,0,0,0,0,1,0,214240,1,1,1,9,1,55,TRUE,0
Anthony Gordon,MID,Newcastle,3.6,0,0,12,1,12.8,0.02,0.02,0,1.33,0,0,1.7,2.4,69,17,0,0,0,0,1,0,2328887,1,0,1,2,3,75,TRUE,0
Antoine Semenyo,MID,Bournemouth,2,0,1,25,0,6.7,0.04,0.48,0.44,1.3,1,1,9.9,39,90,16,0,0,0,0,1,0,92042,1,1,1,53,8,55,FALSE,0
Antonee Robinson,DEF,Fulham,1.9,0,0,15,0,1.5,0.01,0.01,0,2.43,1,0,3.3,29.2,90,14,0,0,0,0,1,0,774506,1,0,1,2,2,45,FALSE,0
Antony Matheus dos Santos,MID,Man Utd,2.2,0,0,0,0,0,0,0,0,0,0,0,0,0,0,9,0,0,0,0,1,0,21896,0,0,1,0,0,60,TRUE,0
Archie Gray,MID,Spurs,2.1,0,0,1,0,1.5,0.01,0.01,0,0.12,0,0,0.8,6.6,12,11,0,0,0,0,1,0,23217,0,1,1,0,1,50,FALSE,0
Arijanet Muric,GK,Ipswich,1.2,0,0,0,0,0,0,0,0,0,0,0,0,0,0,12,0,0,0,0,1,0,39121,0,2,0,0,0,45,TRUE,0
Armando Broja,FWD,Chelsea,0.7,0,0,0,0,0,0,0,0,0,0,0,0,0,0,13,0,0,0,0,1,0,7671,0,2,0,0,0,55,TRUE,0
Armel Bella-Kotchap,DEF,Southampton,0,0,0,0,0,0,0,0,0,0,0,0,0,0,0,15,0,0,0,0,1,0,30004,0,0,1,0,0,40,FALSE,0
Ashley Phillips,DEF,Spurs,1.5,0,0,0,0,0,0,0,0,0,0,0,0,0,0,11,0,0,0,0,1,0,41050,0,1,1,0,0,40,FALSE,0
Ashley Young,DEF,Everton,1.9,0,0,-10,0,15.2,0.17,0.17,0,1.23,3,0,2.5,9.8,65,5,0,0,0,1,1,0,19370,1,3,0,0,-2,45,TRUE,0
Axel Disasi,DEF,Chelsea,0.9,0,0,0,0,0,0,0,0,0,0,0,0,0,0,13,0,0,0,0,1,0,39895,0,2,0,0,0,45,TRUE,0
Axel Tuanzebe,DEF,Ipswich,0,0,0,1,0,0.4,0,0.07,0.07,2.07,2,0,1.2,7.8,73,12,0,0,0,0,1,0,100603,1,2,0,4,1,40,TRUE,0
Bart Verbruggen,GK,Brighton,0.6,0,0,0,0,0,0,0,0,0,0,0,0,0,0,8,0,0,0,0,1,0,45968,0,3,0,0,0,45,FALSE,0
Ben Brereton Díaz,MID,Southampton,1,0,0,-2,0,14,0.02,0.32,0.3,0.25,1,0,3.3,2.6,70,15,0,0,0,0,1,0,66244,1,0,1,16,1,55,FALSE,1
Ben Chilwell,DEF,Chelsea,1.4,0,0,0,0,0,0,0,0,0,0,0,0,0,0,13,0,0,0,0,1,0,74006,0,2,0,0,0,50,TRUE,0
Ben Davies,DEF,Spurs,2.4,0,0,0,0,0,0,0,0,0,0,0,0,0,0,11,0,0,0,0,1,0,18554,0,1,1,0,0,45,FALSE,0
Ben Doak,MID,Liverpool,2,0,0,0,0,0,0,0,0,0,0,0,0,0,0,10,0,0,0,0,1,0,5062,0,2,0,0,0,45,FALSE,0
Ben Johnson,DEF,Ipswich,0,0,0,-5,0,0,0,0,0,2.19,2,0,1.1,11,33,12,0,0,0,0,1,0,337620,0,2,0,0,0,40,TRUE,0
Ben Mee,DEF,Brentford,1.9,0,0,3,0,0.1,0,0,0,0,0,0,0,0,1,7,0,0,0,0,1,0,79075,0,1,2,0,1,45,TRUE,0
Ben Nelson,DEF,Leicester,0.5,0,0,0,0,0,0,0,0,0,0,0,0,0,0,18,0,0,0,0,1,0,0,0,1,1,0,0,40,TRUE,0
Benicio Baker-Boaitey,MID,Brighton,0,0,0,0,0,0,0,0,0,0,0,0,0,0,0,8,0,0,0,0,1,0,744,0,3,0,0,0,45,FALSE,0
Benjamin White,DEF,Arsenal,4.6,0,0,22,1,1.3,0.06,0.13,0.07,0.47,0,0,1.5,5.8,90,20,0,0,0,0,1,0,927335,1,0,2,8,6,65,TRUE,0
Benoît Badiashile,DEF,Chelsea,0.9,0,0,0,0,0,0,0,0,0,0,0,0,0,0,13,0,0,0,0,1,0,11552,0,2,0,0,0,45,TRUE,0
Bernardo Veiga de Carvalho e Silva,MID,Man City,3.3,1,0,26,1,38.1,0.2,0.33,0.13,1.01,0,0,10,32,90,6,0,0,0,0,1,0,372293,1,2,0,30,6,65,FALSE,0
Bernd Leno,GK,Fulham,3.1,0,0,12,0,0,0,0,0,2.43,1,0,3.3,33,90,14,0,0,0,0,1,4,215262,1,0,1,0,3,50,FALSE,0
Billy Gilmour,MID,Brighton,1.6,0,0,4,0,7.6,0,0,0,0,0,0,0.8,0.4,8,8,0,0,0,0,1,0,14848,0,3,0,0,1,50,FALSE,0
Bobby Clark,MID,Liverpool,2,0,0,0,0,0,0,0,0,0,0,0,0,0,0,10,0,0,0,0,1,0,5545,0,2,0,0,0,45,FALSE,0
Bobby De Cordova-Reid,MID,Leicester,1.5,0,0,2,0,2.8,0.01,0.07,0.06,1.04,1,0,1.1,4.4,85,18,0,0,0,0,1,0,13854,1,1,1,4,2,55,TRUE,0
Boubacar Kamara,MID,Aston Villa,0,0,0,0,0,0,0,0,0,0,0,0,0,0,0,19,0,0,0,0,1,0,287,0,2,1,0,0,50,FALSE,0
Boubacar Traoré,MID,Wolves,0.6,0,0,0,0,0,0,0,0,0,0,0,0,0,0,1,0,0,0,0,1,0,5450,0,0,2,0,0,50,FALSE,0
Boubakary Soumaré,MID,Leicester,0.5,0,0,3,0,0.3,0,0,0,0.25,0,0,0.1,0.2,11,18,0,0,0,0,1,0,17951,0,1,1,0,1,45,TRUE,0
Brajan Gruda,MID,Brighton,2,0,0,0,0,0,0,0,0,0,0,0,0,0,0,8,0,0,0,0,1,0,2682,0,3,0,0,0,55,FALSE,0
Brandon Austin,GK,Spurs,1.5,0,0,0,0,0,0,0,0,0,0,0,0,0,0,11,0,0,0,0,1,0,33843,0,1,1,0,0,40,FALSE,0
Brennan Johnson,MID,Spurs,2.8,0,0,8,0,14.4,0.08,0.2,0.12,0.9,1,0,5.9,13.6,77,11,0,0,0,0,1,0,64515,1,1,1,31,2,65,FALSE,0
Bruno Borges Fernandes,MID,Man Utd,2.9,0,0,10,1,8.3,0.03,1.22,1.19,0.44,0,0,7.2,15,90,9,0,0,0,0,1,0,1728175,1,0,1,49,3,85,TRUE,0
Bruno Guimarães Rodriguez Moura,MID,Newcastle,3.3,0,0,14,1,1.8,0.04,0.04,0,1.77,0,0,2.3,21.2,90,17,0,0,0,0,1,0,297465,1,0,1,0,3,65,TRUE,0
Bryan Gil Salvatierra,MID,Spurs,0,0,0,0,0,0,0,0,0,0,0,0,0,0,0,11,0,0,0,0,1,0,267,0,1,1,0,0,50,FALSE,0
Bryan Mbeumo,MID,Brentford,2.5,0,2,35,0,50.2,0.45,0.54,0.09,1.17,1,1,10.8,40.8,89,7,0,0,0,0,1,0,360975,1,1,2,17,9,70,TRUE,0
Bukayo Saka,MID,Arsenal,4.3,1,2,42,1,61.7,0.37,0.72,0.35,0.32,0,1,20.4,64.2,79,20,0,0,0,0,1,0,2763895,1,0,2,78,12,100,TRUE,1
Caleb Okoli,DEF,Leicester,0.5,0,0,0,0,0,0,0,0,0,0,0,0,0,0,18,0,0,0,0,1,0,17350,0,1,1,0,0,40,TRUE,0
Caleb Wiley,DEF,Chelsea,0,0,0,0,0,0,0,0,0,0,0,0,0,0,0,13,0,0,0,0,1,0,5717,0,2,0,0,0,40,TRUE,0
Callum Hudson-Odoi,MID,Nott'm Forest,2,0,0,13,1,41.7,0.2,0.27,0.07,0.63,0,0,8.2,12.2,71,3,0,0,0,0,1,0,315296,1,1,1,28,3,55,TRUE,0
Callum Wilson,FWD,Newcastle,0,0,0,0,0,0,0,0,0,0,0,0,0,0,0,17,0,0,0,0,1,0,8597,0,0,1,0,0,70,TRUE,0
Calvin Bassey,DEF,Fulham,1.9,0,0,5,0,0.8,0.03,0.13,0.1,2.43,1,0,1.8,9.2,90,14,0,0,0,0,1,0,26833,1,0,1,8,1,45,FALSE,1
Cameron Archer,FWD,Southampton,0.4,0,0,4,0,0.1,0,0.19,0.19,0,0,0,2.3,1,19,15,0,0,0,0,1,0,122810,0,0,1,22,1,50,FALSE,0
Cameron Burgess,DEF,Ipswich,0,0,0,0,0,0,0,0,0,0,0,0,0,0,0,12,0,0,0,0,1,0,31764,0,2,0,0,0,40,TRUE,0
Cameron Humphreys,MID,Ipswich,0,0,0,0,0,0,0,0,0,0,0,0,0,0,0,12,0,0,0,0,1,0,4842,0,2,0,0,0,45,TRUE,0
Cameron Peupion,MID,Brighton,1,0,0,0,0,0,0,0,0,0,0,0,0,0,0,8,0,0,0,0,1,0,4299,0,3,0,0,0,45,FALSE,0
Caoimhin Kelleher,GK,Liverpool,3.2,0,0,0,0,0,0,0,0,0,0,0,0,0,0,10,0,0,0,0,1,0,25958,0,2,0,0,0,45,FALSE,0
Carl Rushworth,GK,Brighton,1,0,0,0,0,0,0,0,0,0,0,0,0,0,0,8,0,0,0,0,1,0,0,0,3,0,0,0,40,FALSE,0
Carlos Alcaraz Durán,MID,Southampton,0.6,0,0,4,0,15.9,0.03,0.1,0.07,0,0,0,4.3,8.4,9,15,0,0,0,0,1,0,9504,0,0,1,19,1,50,FALSE,0
Carlos Baleba,MID,Brighton,1.6,0,0,0,0,0,0,0,0,0,0,0,0,0,0,8,0,0,0,0,1,0,3519,0,3,0,0,0,50,FALSE,0
Carlos Henrique Casimiro,MID,Man Utd,1.6,0,0,19,1,39.9,0.5,0.66,0.16,0.44,0,0,8,26.8,90,9,0,0,0,0,1,0,39317,1,0,1,13,3,50,TRUE,0
Carlos Miguel dos Santos Pereira,GK,Nott'm Forest,2.2,0,0,0,0,0,0,0,0,0,0,0,0,0,0,3,0,0,0,0,1,0,33324,0,1,1,0,0,45,TRUE,0
Carlos Vinícius Alves Morais,FWD,Fulham,1.4,0,0,0,0,0,0,0,0,0,0,0,0,0,0,14,0,0,0,0,1,0,53449,0,0,1,0,0,50,FALSE,0
Carney Chukwuemeka,MID,Chelsea,0.6,0,0,0,0,0,0,0,0,0,0,0,0,0,0,13,0,0,0,0,1,0,5259,0,2,0,0,0,50,TRUE,0
Cesare Casadei,MID,Chelsea,0,0,0,0,0,0,0,0,0,0,0,0,0,0,0,13,0,0,0,0,1,0,10728,0,2,0,0,0,45,TRUE,0
Chadi Riad Dnanou,DEF,Crystal Palace,1.9,0,0,0,0,0,0,0,0,0,0,0,0,0,0,4,0,0,0,0,1,0,12507,0,1,2,0,0,45,FALSE,0
Charlie Taylor,DEF,Southampton,0,0,0,0,0,0,0,0,0,0,0,0,0,0,0,15,0,0,0,0,1,0,514848,0,0,1,0,0,40,FALSE,0
Cheick Doucouré,MID,Crystal Palace,1.6,0,0,4,0,2.8,0,0,0,0,0,0,0.3,0.4,6,4,0,0,0,0,1,0,8122,0,1,2,0,1,50,FALSE,0
Chris Mepham,DEF,Bournemouth,1.9,0,0,0,0,0,0,0,0,0,0,0,0,0,0,16,0,0,0,0,1,0,6641,0,1,1,0,0,45,FALSE,0
Chris Richards,DEF,Crystal Palace,1.9,0,0,1,0,1.8,0.01,0.01,0,1.59,2,0,1.8,16.4,83,4,0,0,0,0,1,0,15846,1,1,2,0,0,45,FALSE,1
Chris Wood,FWD,Nott'm Forest,2,0,3,30,1,5.7,0.02,0.73,0.71,0.63,0,1,5.9,32.2,71,3,0,0,0,0,1,0,482451,1,1,1,21,9,60,TRUE,0
Christian Eriksen,MID,Man Utd,2,0,0,0,0,0,0,0,0,0,0,0,0,0,0,9,0,0,0,0,1,0,17513,0,0,1,0,0,55,TRUE,0
Christian Nørgaard,MID,Brentford,1.6,0,0,15,0,12.3,0.01,0.01,0,1.17,1,0,3,17.8,90,7,0,0,0,0,1,0,11239,1,1,2,0,2,50,TRUE,0
Christian Walton,GK,Ipswich,1.2,0,0,9,0,0,0,0,0,2.65,2,0,2.8,28.2,90,12,0,0,0,0,1,3,15656,1,2,0,0,2,45,TRUE,0
Christopher Nkunku,MID,Chelsea,1.3,0,0,6,0,13.5,0.06,0.21,0.15,0.66,1,0,3.4,7.8,57,13,0,0,0,0,1,0,1446069,1,2,0,13,1,65,TRUE,0
Cieran Slicker,GK,Ipswich,0,0,0,0,0,0,0,0,0,0,0,0,0,0,0,12,0,0,0,0,1,0,78508,0,2,0,0,0,40,TRUE,0
Cody Gakpo,FWD,Liverpool,3.4,0,0,-1,0,1.8,0,0,0,0.04,0,0,0.8,0,11,10,0,0,0,0,1,0,367195,0,2,0,6,0,75,FALSE,1
Cole Palmer,MID,Chelsea,2.4,0,0,18,0,37.8,0.19,0.26,0.07,0.77,2,0,6.8,20.4,90,13,0,0,0,0,1,0,3210033,1,2,0,10,2,105,TRUE,0
Conor Bradley,DEF,Liverpool,3.4,0,0,3,0,1.9,0.02,0.26,0.24,0.04,0,0,4.9,7.4,13,10,0,0,0,0,1,0,54579,0,2,0,40,1,50,FALSE,0
Conor Chaplin,MID,Ipswich,1,0,0,12,0,2.5,0.01,0.01,0,1.45,1,0,0.9,4.2,64,12,0,0,0,0,1,0,22047,1,2,0,2,2,55,TRUE,0
Conor Coady,DEF,Leicester,0,0,0,0,0,0,0,0,0,0,0,0,0,0,0,18,0,0,0,0,1,0,24580,0,1,1,0,0,40,TRUE,0
Conor Gallagher,MID,Chelsea,1.2,0,0,0,0,0,0,0,0,0,0,0,0,0,0,13,0,0,0,0,1,0,80385,0,2,0,0,0,60,TRUE,0
Conor Townsend,DEF,Ipswich,0,0,0,0,0,0,0,0,0,0,0,0,0,0,0,12,0,0,0,0,1,0,33806,0,2,0,0,0,40,TRUE,0
Corrie Ndaba,DEF,Ipswich,0,0,0,0,0,0,0,0,0,0,0,0,0,0,0,12,0,0,0,0,1,0,1045,0,2,0,0,0,40,TRUE,0
Craig Dawson,DEF,Wolves,0.9,0,0,2,0,0,0,0,0,0,0,0,0.2,2.4,6,1,0,0,0,0,1,0,16382,0,0,2,0,1,45,FALSE,0
Cristian Romero,DEF,Spurs,2.9,0,0,13,0,2.9,0.03,0.12,0.09,1.02,1,0,2.1,13.6,90,11,0,0,0,0,1,0,434560,1,1,1,4,2,50,FALSE,0
Crysencio Summerville,MID,West Ham,2.2,0,0,9,0,29.4,0.17,0.17,0,0.27,1,0,4.4,8.2,17,2,0,0,0,0,1,0,86458,0,2,1,6,1,60,TRUE,0
Curtis Jones,MID,Liverpool,3,0,0,0,0,0,0,0,0,0,0,0,0,0,0,10,0,0,0,0,1,0,9756,0,2,0,0,0,55,FALSE,0
Daichi Kamada,MID,Crystal Palace,2,0,0,2,0,25,0.06,0.06,0,0.64,1,0,3.7,7.8,69,4,0,0,0,0,1,0,50612,1,1,2,4,1,55,FALSE,1
Dan Burn,DEF,Newcastle,2.9,0,0,18,1,0,0,0,0,1.77,0,0,1.7,17.4,90,17,0,0,0,0,1,0,1462975,1,0,1,0,5,45,TRUE,1
Dane Scarlett,FWD,Spurs,0,0,0,0,0,0,0,0,0,0,0,0,0,0,0,11,0,0,0,0,1,0,21142,0,1,1,0,0,45,FALSE,0
Dango Ouattara,MID,Bournemouth,1.6,0,0,8,0,3,0.01,0.23,0.22,1.02,1,0,2.2,8.2,68,16,0,0,0,0,1,0,1977,1,1,1,11,2,50,FALSE,0
Daniel Bentley,GK,Wolves,0,0,0,0,0,0,0,0,0,0,0,0,0,0,0,1,0,0,0,0,1,0,194160,0,0,2,0,0,40,FALSE,0
Daniel Castelo Podence,MID,Wolves,1,0,0,2,0,0.2,0,0.04,0.04,0.06,0,0,0,0,15,1,0,0,0,0,1,0,3736,0,0,2,1,1,55,FALSE,0
Daniel Iversen,GK,Leicester,0.5,0,0,0,0,0,0,0,0,0,0,0,0,0,0,18,0,0,0,0,1,0,65236,0,1,1,0,0,40,TRUE,0
Daniel Jebbison,FWD,Bournemouth,1,0,0,4,0,10.6,0,0,0,0.28,0,0,1.6,3.2,21,16,0,0,0,0,1,0,123937,0,1,1,2,1,45,FALSE,0
Daniel Muñoz,DEF,Crystal Palace,2.4,1,0,11,0,13.4,0.02,0.02,0,1.59,2,0,3.2,12.2,90,4,0,0,0,0,1,0,387466,1,1,2,6,4,50,FALSE,0
Danilo dos Santos de Oliveira,MID,Nott'm Forest,1.6,0,0,1,0,0.1,0,0,0,0.28,0,0,0,0,14,3,0,0,0,0,1,0,5769,1,1,1,0,1,50,TRUE,0
Danny Ings,FWD,West Ham,1.4,0,0,2,0,0.3,0,0.25,0.25,0.07,0,0,2.1,3.2,5,2,0,0,0,0,1,0,84653,0,2,1,17,1,50,TRUE,0
Danny Ward,GK,Leicester,0.5,0,0,0,0,0,0,0,0,0,0,0,0,0,0,18,0,0,0,0,1,0,227087,0,1,1,0,0,40,TRUE,0
Danny Welbeck,FWD,Brighton,1.7,1,3,41,1,24.8,0.04,0.24,0.2,0.45,0,1,11.1,61.4,90,8,0,0,0,0,1,0,64656,1,3,0,25,12,55,FALSE,0
Darwin Núñez Ribeiro,FWD,Liverpool,3.4,0,0,0,0,0,0,0,0,0,0,0,0,0,0,10,0,0,0,0,1,0,511713,0,2,0,0,0,75,FALSE,0
David Brooks,MID,Bournemouth,0,0,0,0,0,0,0,0,0,0,0,0,0,0,0,16,0,0,0,0,1,0,1134,0,1,1,0,0,50,FALSE,0
David Datro Fofana,FWD,Chelsea,0.7,0,0,0,0,0,0,0,0,0,0,0,0,0,0,13,0,0,0,0,1,0,11959,0,2,0,0,0,55,TRUE,0
David Ozoh,MID,Crystal Palace,0,0,0,0,0,0,0,0,0,0,0,0,0,0,0,4,0,0,0,0,1,0,417,0,1,2,0,0,45,FALSE,0
David Raya Martin,GK,Arsenal,5,0,1,28,1,0,0,0,0,0.47,0,0,2.8,28,90,20,0,0,0,0,1,3,2143198,1,0,2,0,8,55,TRUE,0
Dean Henderson,GK,Crystal Palace,2.2,0,0,5,0,0,0,0,0,1.59,2,0,2.6,26.4,90,4,0,0,0,0,1,3,1563145,1,1,2,0,2,45,FALSE,0
Dean Huijsen,DEF,Bournemouth,1.9,0,0,9,0,0.4,0.01,0.01,0,1.3,1,0,2.5,24.8,90,16,0,0,0,0,1,0,9224,1,1,1,0,2,45,FALSE,0
Declan Rice,MID,Arsenal,3.3,0,0,9,1,13.4,0.05,0.14,0.09,0.32,0,0,2.8,6.6,84,20,0,0,0,0,1,0,552723,1,0,2,8,3,65,TRUE,0
Deivid Washington de Souza Eugênio,FWD,Chelsea,0.4,0,0,0,0,0,0,0,0,0,0,0,0,0,0,13,0,0,0,0,1,0,6224,0,2,0,0,0,50,TRUE,0
Dejan Kulusevski,MID,Spurs,2.8,0,0,0,0,1.3,0.17,0.17,0,0.12,0,0,2.6,2.4,11,11,0,0,0,0,1,0,229933,0,1,1,22,1,65,FALSE,0
Deniz Undav,FWD,Brighton,0,0,0,0,0,0,0,0,0,0,0,0,0,0,0,8,0,0,0,0,1,0,1930,0,3,0,0,0,55,FALSE,0
Destiny Udogie,DEF,Spurs,2.9,0,0,2,0,7.8,0.06,0.06,0,1.02,1,0,3.3,15.6,90,11,0,0,0,0,1,0,331696,1,1,1,10,2,50,FALSE,0
Diego Carlos Santos Silva,DEF,Aston Villa,1.9,0,0,0,0,0,0,0,0,0,0,0,0,0,0,19,0,0,0,0,1,0,50517,0,2,1,0,0,45,FALSE,0
Diogo Dalot Teixeira,DEF,Man Utd,2.4,0,1,26,1,4.8,0.02,0.02,0,0.44,0,0,1.8,13.4,90,9,0,0,0,0,1,0,701512,1,0,1,0,7,50,TRUE,0
Diogo Teixeira da Silva,MID,Liverpool,3.6,0,0,24,1,4.9,0.04,0.99,0.95,0.41,0,1,8.3,36.8,78,10,0,0,0,0,1,0,1433531,1,2,0,41,8,75,FALSE,0
Djed Spence,DEF,Spurs,2.4,0,0,3,0,1.1,0,0,0,0.06,0,0,0.3,1.8,1,11,0,0,0,0,1,0,8800,0,1,1,0,1,45,FALSE,0
Dominic Calvert-Lewin,FWD,Everton,2,0,0,5,0,1.8,0.01,0.01,0,1.36,2,0,0.8,0,75,5,0,0,0,0,1,0,172226,1,3,0,6,2,60,TRUE,0
Dominic Solanke-Mitchell,FWD,Spurs,2.9,0,0,17,0,15.3,0.15,0.49,0.34,1.02,1,0,9.5,19,90,11,0,0,0,0,1,0,2587953,1,1,1,61,2,75,FALSE,0
Dominik Szoboszlai,MID,Liverpool,3.3,1,1,28,1,41.2,0.24,0.39,0.15,0.45,0,0,6.7,10.4,90,10,0,0,0,0,1,0,170256,1,2,0,15,7,65,FALSE,0
Dwight McNeil,MID,Everton,2,0,0,8,0,19.7,0.16,0.16,0,1.43,3,0,2.9,9.2,90,5,0,0,0,0,1,0,79050,1,3,0,0,2,55,TRUE,0
Eberechi Eze,MID,Crystal Palace,2.5,0,0,14,0,6.8,0.05,0.46,0.41,1.59,2,0,8.4,12.4,90,4,0,0,0,0,1,0,2972520,1,1,2,65,2,70,FALSE,0
Eddie Nketiah,FWD,Arsenal,3,0,0,0,0,0,0,0,0,0,0,0,0,0,0,20,0,0,0,0,1,0,31675,0,0,2,0,0,60,TRUE,0
Ederson Santana de Moraes,GK,Man City,5,0,1,30,1,0,0,0,0,1.01,0,0,2,19.6,90,6,0,0,0,0,1,3,557560,1,2,0,0,8,55,FALSE,0
Edson Álvarez Velázquez,MID,West Ham,0.4,0,0,0,0,0,0,0,0,0,0,0,0,0,0,2,0,0,0,0,1,0,9327,0,2,1,0,0,50,TRUE,0
Elkan Baggott,DEF,Ipswich,0,0,0,0,0,0,0,0,0,0,0,0,0,0,0,12,0,0,0,0,1,0,4342,0,2,0,0,0,40,TRUE,0
Elliot Anderson,MID,Nott'm Forest,1.6,0,0,4,0,1.5,0.01,0.01,0,0.59,1,0,1.5,5.4,18,3,0,0,0,0,1,0,14127,0,1,1,8,1,50,TRUE,0
Emerson Leite de Souza Junior,DEF,Spurs,0,0,0,0,0,0,0,0,0,0,0,0,0,0,0,11,0,0,0,0,1,0,3601,0,1,1,0,0,45,FALSE,0
Emerson Palmieri dos Santos,DEF,West Ham,1.9,0,0,5,0,2.5,0.02,0.06,0.04,2.03,2,0,2.6,6.6,90,2,0,0,0,0,1,0,60284,1,2,1,17,1,45,TRUE,0
Emil Krafth,DEF,Newcastle,2.9,0,0,21,1,0,0,0,0,1.58,0,0,2.2,16,60,17,0,0,0,0,1,0,6327,0,0,1,6,6,45,TRUE,0
Emile Smith Rowe,MID,Fulham,2,0,0,11,1,3.8,0,0,0,1.5,0,0,0.8,4,63,14,0,0,0,0,1,0,1427753,1,0,1,0,3,55,FALSE,0
Emiliano Buendía Stati,MID,Aston Villa,2,0,0,0,0,0,0,0,0,0,0,0,0,0,0,19,0,0,0,0,1,0,12149,0,2,1,0,0,55,FALSE,0
Emiliano Martínez Romero,GK,Aston Villa,3.1,0,0,11,0,0,0,0,0,2.46,1,0,2.6,25.8,90,19,0,0,0,0,1,3,1108383,1,2,1,0,3,50,FALSE,0
Emmanuel Dennis,FWD,Nott'm Forest,1.4,0,0,0,0,0,0,0,0,0,0,0,0,0,0,3,0,0,0,0,1,0,21102,0,1,1,0,0,50,TRUE,0
Endo Wataru,MID,Liverpool,2.6,0,0,0,0,0,0,0,0,0,0,0,0,0,0,10,0,0,0,0,1,0,17472,0,2,0,0,0,50,FALSE,0
Enes Ünal,FWD,Bournemouth,0,0,0,0,0,0,0,0,0,0,0,0,0,0,0,16,0,0,0,0,1,0,3455,0,1,1,0,0,55,FALSE,0
Enso González,MID,Wolves,0,0,0,0,0,0,0,0,0,0,0,0,0,0,0,1,0,0,0,0,1,0,2764,0,0,2,0,0,45,FALSE,0
Enzo Barrenechea,MID,Aston Villa,1.6,0,0,0,0,0,0,0,0,0,0,0,0,0,0,19,0,0,0,0,1,0,4608,0,2,1,0,0,50,FALSE,0
Enzo Fernández,MID,Chelsea,0.6,0,0,16,0,10,0.08,0.3,0.22,0.77,2,0,4.6,9.6,90,13,0,0,0,0,1,0,118384,1,2,0,26,2,50,TRUE,0
Eric da Silva Moreira,MID,Nott'm Forest,1,0,0,0,0,0,0,0,0,0,0,0,0,0,0,3,0,0,0,0,1,0,6089,0,1,1,0,0,45,TRUE,0
Erling Haaland,FWD,Man City,5,0,2,31,1,0.6,0,0.28,0.28,1.01,0,1,7.5,36.4,90,6,0,0,0,0,1,0,4408007,1,2,0,38,7,150,FALSE,1
Ethan Brierley,MID,Brentford,1,0,0,0,0,0,0,0,0,0,0,0,0,0,0,7,0,0,0,0,1,0,6092,0,1,2,0,0,45,TRUE,0
Ethan Nwaneri,MID,Arsenal,2,0,0,0,0,0,0,0,0,0,0,0,0,0,0,20,0,0,0,0,1,0,16484,0,0,2,0,0,45,TRUE,0
Ethan Pinnock,DEF,Brentford,1.9,0,0,3,0,0.1,0,0.01,0.01,1.17,1,0,3.6,18.8,90,7,1,0,0,0,1,0,37981,1,1,2,17,0,45,TRUE,0
Evan Ferguson,FWD,Brighton,0.9,0,0,0,0,0,0,0,0,0,0,0,0,0,0,8,0,0,0,0,1,0,9342,0,3,0,0,0,55,FALSE,0
Ezri Konsa Ngoyo,DEF,Aston Villa,1.9,0,0,10,0,14.1,0.01,0.08,0.07,2.46,1,0,3.5,13.4,90,19,0,0,0,0,1,0,1165894,1,2,1,7,2,45,FALSE,0
Fábio Ferreira Vieira,MID,Arsenal,2.3,0,0,0,0,0,0,0,0,0,0,0,0,0,0,20,0,0,0,0,1,0,2923,0,0,2,0,0,55,TRUE,0
Fábio Freitas Gouveia Carvalho,MID,Brentford,1.6,0,0,5,0,0.3,0,0,0,0.56,0,0,0.3,2.2,6,7,0,0,0,0,1,0,130410,0,1,2,0,1,50,TRUE,0
Fábio Silva,FWD,Wolves,0.4,0,0,0,0,0,0,0,0,0,0,0,0,0,0,1,0,0,0,0,1,0,27869,0,0,2,0,0,50,FALSE,0
Fabian Schär,DEF,Newcastle,2.8,0,0,-8,0,0.3,0,0.04,0.04,0.2,0,0,0.1,0,27,17,0,0,0,1,1,0,198369,1,0,1,5,-2,55,TRUE,0
Facundo Buonanotte,MID,Leicester,1.1,0,0,13,0,19.9,0.19,0.19,0,0.98,1,0,3.1,11.4,78,18,0,0,0,0,1,0,8082,1,1,1,0,2,50,TRUE,0
Facundo Pellistri Rebollo,MID,Man Utd,1.6,0,0,0,0,0,0,0,0,0,0,0,0,0,0,9,0,0,0,0,1,0,2174,0,0,1,0,0,50,TRUE,0
Filip Jørgensen,GK,Chelsea,1.2,0,0,0,0,0,0,0,0,0,0,0,0,0,0,13,0,0,0,0,1,0,30077,0,2,0,0,0,45,TRUE,0
Filip Marschall,GK,Aston Villa,0,0,0,0,0,0,0,0,0,0,0,0,0,0,0,19,0,0,0,0,1,0,165,0,2,1,0,0,40,FALSE,0
Flynn Downes,MID,Southampton,0.6,0,0,12,0,43.3,0.1,0.21,0.11,0.25,1,0,7,19.4,90,15,0,0,0,0,1,0,5433,1,0,1,7,2,50,FALSE,0
Francisco Jorge Tomás Oliveira,MID,Wolves,0,0,0,4,0,14.3,0.05,0.05,0,0,0,0,1.9,3,6,1,0,0,0,0,1,0,16796,0,0,2,2,1,45,FALSE,0
Frank Onyeka,MID,Brentford,1.6,0,0,2,0,0,0,0,0,0.56,0,0,0,0,6,7,0,0,0,0,1,0,3770,0,1,2,0,1,50,TRUE,0
Fraser Forster,GK,Spurs,2.7,0,0,0,0,0,0,0,0,0,0,0,0,0,0,11,0,0,0,0,1,0,21470,0,1,1,0,0,45,FALSE,0
Freddie Ladapo,FWD,Ipswich,0,0,0,0,0,0,0,0,0,0,0,0,0,0,0,12,0,0,0,0,1,0,179213,0,2,0,0,0,45,TRUE,0
Gabriel dos Santos Magalhães,DEF,Arsenal,4.2,0,0,22,1,1.4,0.02,0.14,0.12,0.47,0,0,2.3,13.8,90,20,0,0,0,0,1,0,1167503,1,0,2,8,6,60,TRUE,0
Gabriel Fernando de Jesus,FWD,Arsenal,3.2,0,0,1,0,0.8,0,0,0,0.15,0,0,0.1,0.2,5,20,0,0,0,0,1,0,199810,0,0,2,0,0,70,TRUE,1
Gabriel Martinelli Silva,MID,Arsenal,3.5,0,0,16,1,36.7,0.19,0.27,0.08,0.47,0,0,7.5,13.6,90,20,0,0,0,0,1,0,253825,1,0,2,25,3,70,TRUE,0
Garang Kuol,MID,Newcastle,2,0,0,0,0,0,0,0,0,0,0,0,0,0,0,17,0,0,0,0,1,0,3311,0,0,1,0,0,45,TRUE,0
Gavin Bazunu,GK,Southampton,1.2,0,0,0,0,0,0,0,0,0,0,0,0,0,0,15,0,0,0,0,1,0,28798,0,0,1,0,0,45,FALSE,0
George Earthy,MID,West Ham,0,0,0,0,0,0,0,0,0,0,0,0,0,0,0,2,0,0,0,0,1,0,10475,0,2,1,0,0,45,TRUE,0
George Edmundson,DEF,Ipswich,0,0,0,0,0,0,0,0,0,0,0,0,0,0,0,12,0,0,0,0,1,0,15461,0,2,0,0,0,40,TRUE,0
George Hirst,FWD,Ipswich,0,0,0,0,0,0,0,0,0,0,0,0,0,0,0,12,0,0,0,0,1,0,2030,0,2,0,0,0,55,TRUE,0
Giovani Lo Celso,MID,Spurs,2.1,0,0,0,0,0,0,0,0,0,0,0,0,0,0,11,0,0,0,0,1,0,8584,0,1,1,0,0,50,FALSE,0
Gonçalo Manuel Ganchinho Guedes,MID,Wolves,1,0,0,0,0,0,0,0,0,0,0,0,0,0,0,1,0,0,0,0,1,0,7971,0,0,2,0,0,55,FALSE,0
Guglielmo Vicario,GK,Spurs,3.6,0,0,16,0,0,0,0,0,1.02,1,0,2.6,26,90,11,0,0,0,0,1,2,355891,1,1,1,0,2,50,FALSE,0
Guido Rodríguez,MID,West Ham,1.6,0,0,15,0,1.9,0.03,0.05,0.02,1.96,2,0,0.9,5.6,84,2,0,0,0,0,1,0,5566,1,2,1,1,2,50,TRUE,0
Hákon Valdimarsson,GK,Brentford,1,0,0,0,0,0,0,0,0,0,0,0,0,0,0,7,0,0,0,0,1,0,372148,0,1,2,0,0,40,TRUE,0
Hamed Traorè,MID,Bournemouth,1,0,0,0,0,0,0,0,0,0,0,0,0,0,0,16,0,0,0,0,1,0,17000,0,1,1,0,0,45,FALSE,0
Hamza Choudhury,MID,Leicester,0.5,0,0,0,0,0,0,0,0,0,0,0,0,0,0,18,0,0,0,0,1,0,26479,0,1,1,0,0,45,TRUE,0
Hannibal Mejbri,MID,Man Utd,1,0,0,0,0,0,0,0,0,0,0,0,0,0,0,9,0,0,0,0,1,0,11598,0,0,1,0,0,45,TRUE,0
Harrison Armstrong,MID,Everton,1,0,0,0,0,0,0,0,0,0,0,0,0,0,0,5,0,0,0,0,1,0,8422,0,3,0,0,0,45,TRUE,0
Harrison Reed,MID,Fulham,1.6,0,0,4,0,0,0,0,0,0.67,0,0,0.2,2.2,1,14,0,0,0,0,1,0,3660,0,0,1,0,1,50,FALSE,0
Harry Clarke,DEF,Ipswich,0,0,0,0,0,0,0,0,0,0,0,0,0,0,0,12,0,0,0,0,1,0,3114,0,2,0,0,0,40,TRUE,0
Harry Maguire,DEF,Man Utd,2.4,0,0,22,1,1.6,0.01,0.01,0,0.38,0,0,2.1,19.6,80,9,0,0,0,0,1,0,39835,1,0,1,0,5,50,TRUE,1
Harry Souttar,DEF,Leicester,0,0,0,0,0,0,0,0,0,0,0,0,0,0,0,18,0,0,0,0,1,0,2362,0,1,1,0,0,40,TRUE,0
Harry Toffolo,DEF,Nott'm Forest,1.9,0,0,0,0,3,0.01,0.03,0.02,0.67,1,0,1.9,9.6,36,3,0,0,0,0,1,0,7351,0,1,1,6,1,45,TRUE,0
Harry Wilson,MID,Fulham,2,0,0,4,0,3.9,0.01,0.01,0,0.87,1,0,0.8,0.2,12,14,0,0,0,0,1,0,16297,0,0,1,4,1,55,FALSE,0
Harry Winks,MID,Leicester,0.5,0,0,17,0,15.9,0.03,0.03,0,1.23,1,0,3.5,18.6,90,18,0,0,0,0,1,0,1202141,1,1,1,0,2,45,TRUE,0
Harvey Barnes,MID,Newcastle,3.3,0,0,1,0,0,0,0,0,0.44,0,0,0,0,20,17,0,0,0,0,1,0,42382,0,0,1,0,1,65,TRUE,0
Harvey Elliott,MID,Liverpool,3,0,0,0,0,0,0,0,0,0,0,0,0,0,0,10,0,0,0,0,1,0,105562,0,2,0,0,0,55,FALSE,0
Hugo Bueno López,DEF,Wolves,0,0,0,0,0,0,0,0,0,0,0,0,0,0,0,1,0,0,0,0,1,0,2509,0,0,2,0,0,45,FALSE,0
Hwang Hee-chan,MID,Wolves,1.3,0,0,14,0,16.3,0.11,0.11,0,1.24,2,0,2.6,6,90,1,0,0,0,0,1,0,83019,1,0,2,4,2,65,FALSE,0
Hwang Ui-jo,FWD,Nott'm Forest,1,0,0,0,0,0,0,0,0,0,0,0,0,0,0,3,0,0,0,0,1,0,130081,0,1,1,0,0,45,TRUE,0
Ian Maatsen,DEF,Aston Villa,2.4,0,0,5,0,10.5,0.04,0.04,0,1.06,0,0,1.9,8.8,16,19,0,0,0,0,1,0,328876,0,2,1,0,1,50,FALSE,0
Ibrahim Osman,MID,Brighton,0,0,0,0,0,0,0,0,0,0,0,0,0,0,0,8,0,0,0,0,1,0,1515,0,3,0,0,0,50,FALSE,0
Ibrahim Sangaré,MID,Nott'm Forest,1,0,0,13,0,2.5,0.01,0.01,0,1.22,1,0,2.1,14.8,90,3,0,0,0,0,1,0,185141,1,1,1,4,2,45,TRUE,0
Ibrahima Konaté,DEF,Liverpool,3.4,0,0,12,0,0.3,0,0,0,0.15,0,0,1.5,14.2,45,10,0,0,0,0,1,0,151453,0,2,0,0,1,50,FALSE,0
Idrissa Gueye,MID,Everton,1.6,0,0,6,0,2.8,0.01,0.03,0.02,1.43,3,0,0.8,2.4,90,5,0,0,0,0,1,0,5446,1,3,0,3,2,50,TRUE,0
Igor Julio dos Santos de Paulo,DEF,Brighton,1.9,0,0,0,0,0,0,0,0,0,0,0,0,0,0,8,0,0,0,0,1,0,9855,0,3,0,0,0,45,FALSE,0
Igor Thiago Nascimento Rodrigues,FWD,Brentford,0,0,0,0,0,0,0,0,0,0,0,0,0,0,0,7,0,0,0,0,1,0,3171,0,1,2,0,0,60,TRUE,0
Iliman Ndiaye,FWD,Everton,1.7,0,0,3,0,0.2,0,0,0,0.3,1,0,0.7,5,27,5,0,0,0,0,1,0,14764,0,3,0,2,1,55,TRUE,0
Illia Zabarnyi,DEF,Bournemouth,1.9,0,0,9,0,1.1,0.02,0.02,0,1.3,1,0,1.7,15.6,90,16,0,0,0,0,1,0,37460,1,1,1,0,2,45,FALSE,0
Isaac Hayden,MID,Newcastle,2,0,0,0,0,0,0,0,0,0,0,0,0,0,0,17,0,0,0,0,1,0,5826,0,0,1,0,0,45,TRUE,0
Ismaïla Sarr,MID,Crystal Palace,2.2,0,0,3,0,0.3,0,0,0,0,0,0,0.1,0.2,6,4,0,0,0,0,1,0,29330,0,1,2,0,1,60,FALSE,0
Issa Diop,DEF,Fulham,1.9,0,0,13,0,0.2,0,0,0,2.43,1,0,2.6,25.4,90,14,0,0,0,0,1,0,12977,1,0,1,0,2,45,FALSE,0
Ivan Toney,FWD,Brentford,2.4,0,0,0,0,0,0,0,0,0,0,0,0,0,0,7,0,0,0,0,1,0,809422,0,1,2,0,0,75,TRUE,0
Jørgen Strand Larsen,FWD,Wolves,0.7,0,0,2,0,1.9,0,0.08,0.08,1.24,2,0,2.7,2.4,83,1,0,0,0,0,1,0,17027,1,0,2,23,2,55,FALSE,0
Jérémy Doku,MID,Man City,3.3,0,0,20,1,23.3,0.09,0.22,0.13,1.01,0,0,6.5,12.8,90,6,0,0,0,0,1,0,280527,1,2,0,29,3,65,FALSE,0
Jack Grealish,MID,Man City,2.5,0,0,0,0,0,0,0,0,0,0,0,0,0,0,6,0,0,0,0,1,0,15825,0,2,0,0,0,65,FALSE,0
Jack Harrison,MID,Everton,2,0,0,9,0,16.3,0.26,0.4,0.14,1.36,2,0,5.8,9.8,84,5,0,0,0,0,1,0,15242,1,3,0,32,2,55,TRUE,0
Jack Hinshelwood,MID,Brighton,1.6,0,0,14,1,6.1,0.01,0.01,0,0.45,0,0,2,11.8,90,8,0,0,0,0,1,0,2263,1,3,0,2,3,50,FALSE,0
Jack Stephens,DEF,Southampton,0,0,0,6,0,16.6,0.04,0.04,0,0.25,1,0,3.3,12.2,90,15,0,0,0,0,1,0,21269,1,0,1,4,1,40,FALSE,1
Jack Taylor,MID,Ipswich,0.6,0,0,3,0,0.9,0.01,0.03,0.02,1.21,1,0,0.6,3.2,25,12,0,0,0,0,1,0,2848,0,2,0,2,1,50,TRUE,0
Jacob Greaves,DEF,Ipswich,0,0,0,12,0,0.8,0,0.1,0.1,2.65,2,0,4.9,26.2,90,12,0,0,0,0,1,0,48563,1,2,0,22,1,40,TRUE,0
Jacob Murphy,MID,Newcastle,3,0,0,9,0,0.9,0.01,0.01,0,0.2,0,0,0.6,5,29,17,0,0,0,0,1,0,193533,1,0,1,0,1,55,TRUE,0
Jacob Ramsey,MID,Aston Villa,2,1,0,18,0,12.3,0.13,0.19,0.06,1.17,0,0,3.8,18.4,28,19,0,0,0,0,1,0,22089,0,2,1,7,4,55,FALSE,0
Jaden Philogene,MID,Aston Villa,2,0,0,1,0,1.5,0.01,0.08,0.07,1.06,0,0,0.5,0,16,19,0,0,0,0,1,0,7043,0,2,1,4,0,55,FALSE,1
Jadon Sancho,MID,Man Utd,2.3,0,0,0,0,0,0,0,0,0,0,0,0,0,0,9,0,0,0,0,1,0,33031,0,0,1,0,0,65,TRUE,0
Jaidon Anthony,MID,Bournemouth,1,0,0,0,0,0,0,0,0,0,0,0,0,0,0,16,0,0,0,0,1,0,41159,0,1,1,0,0,45,FALSE,0
Jake O'Brien,DEF,Everton,2.4,0,0,0,0,0,0,0,0,0,0,0,0,0,0,5,0,0,0,0,1,0,29022,0,3,0,0,0,50,TRUE,0
Jakub Kiwior,DEF,Arsenal,3.4,0,0,0,0,0,0,0,0,0,0,0,0,0,0,20,0,0,0,0,1,0,16779,0,0,2,0,0,50,TRUE,0
Jakub Moder,MID,Brighton,1,0,0,0,0,0,0,0,0,0,0,0,0,0,0,8,0,0,0,0,1,0,32773,0,3,0,0,0,45,FALSE,0
Jakub Stolarczyk,GK,Leicester,0,0,0,0,0,0,0,0,0,0,0,0,0,0,0,18,0,0,0,0,1,0,4282,0,1,1,0,0,40,TRUE,0
Jamaal Lascelles,DEF,Newcastle,0,0,0,0,0,0,0,0,0,0,0,0,0,0,0,17,0,0,0,0,1,0,399,0,0,1,0,0,45,TRUE,0
Jamal Lewis,DEF,Newcastle,2,0,0,0,0,0,0,0,0,0,0,0,0,0,0,17,0,0,0,0,1,0,35029,0,0,1,0,0,40,TRUE,0
James Bree,DEF,Southampton,0,0,0,0,0,0,0,0,0,0,0,0,0,0,0,15,0,0,0,0,1,0,13216,0,0,1,0,0,40,FALSE,0
James Garner,MID,Everton,0,0,0,0,0,0,0,0,0,0,0,0,0,0,0,5,0,0,0,0,1,0,2327,0,3,0,0,0,50,TRUE,0
James Hill,DEF,Bournemouth,1,0,0,0,0,0,0,0,0,0,0,0,0,0,0,16,0,0,0,0,1,0,30926,0,1,1,0,0,40,FALSE,0
James Justin,DEF,Leicester,1.4,0,0,15,0,9.1,0.01,0.07,0.06,1.23,1,0,3.8,24,90,18,0,0,0,0,1,0,23101,1,1,1,5,2,45,TRUE,0
James Maddison,MID,Spurs,3.1,1,0,25,0,52.8,0.98,1,0.02,0.9,1,0,9.9,31.6,78,11,0,0,0,0,1,0,373759,1,1,1,15,5,75,FALSE,0
James McAtee,MID,Man City,2.6,0,0,0,0,0,0,0,0,0,0,0,0,0,0,6,0,0,0,0,1,0,7920,0,2,0,0,0,50,FALSE,0
James McConnell,MID,Liverpool,2,0,0,0,0,0,0,0,0,0,0,0,0,0,0,10,0,0,0,0,1,0,3147,0,2,0,0,0,45,FALSE,0
James Milner,MID,Brighton,1.6,0,0,10,1,43.8,0.11,0.11,0,0.45,0,0,7,22.4,81,8,0,0,0,0,1,0,5694,1,3,0,4,2,50,FALSE,1
James Tarkowski,DEF,Everton,2.4,0,0,-4,0,10.8,0.01,0.02,0.01,1.43,3,0,3.2,17.4,90,5,0,0,0,0,1,0,204385,1,3,0,4,0,50,TRUE,1
James Ward-Prowse,MID,West Ham,2.3,0,0,3,0,1.4,0,0,0,0.27,1,0,0.5,3.4,16,2,0,0,0,0,1,0,172416,0,2,1,0,1,65,TRUE,0
Jamie Vardy,FWD,Leicester,0.3,0,2,33,0,0.1,0,0.8,0.8,0.98,1,1,9.5,40.4,78,18,0,0,0,0,1,0,119633,1,1,1,54,8,55,TRUE,0
Jan Bednarek,DEF,Southampton,0,0,0,13,0,12.7,0.03,0.03,0,0.25,1,0,3.3,18.4,80,15,0,0,0,0,1,0,96706,1,0,1,2,2,40,FALSE,0
Jan Paul van Hecke,DEF,Brighton,1.9,0,0,28,1,0.5,0,0,0,0.45,0,0,1.9,18.8,90,8,0,0,0,0,1,0,21316,1,3,0,0,6,45,FALSE,0
Jannik Vestergaard,DEF,Leicester,0.5,0,0,6,0,0.3,0,0,0,1.23,1,0,1.6,15.8,90,18,0,0,0,0,1,0,145212,1,1,1,0,2,40,TRUE,0
Jarell Quansah,DEF,Liverpool,2.9,0,0,7,0,0.5,0,0,0,0.31,0,0,1.6,15.8,45,10,0,0,0,0,1,0,567784,1,2,0,0,1,45,FALSE,0
Jarrad Branthwaite,DEF,Everton,0,0,0,0,0,0,0,0,0,0,0,0,0,0,0,5,0,0,0,0,1,0,229400,0,3,0,0,0,50,TRUE,0
Jarrod Bowen,MID,West Ham,2.6,0,0,3,0,16.8,0.07,0.07,0,1.76,1,0,2.3,4.6,72,2,0,0,0,0,1,0,647171,1,2,1,2,2,75,TRUE,0
Jason Steele,GK,Brighton,2.2,0,1,31,1,0,0,0,0,0.45,0,0,1.9,18.6,90,8,0,0,0,0,1,1,49675,1,3,0,0,7,45,FALSE,0
Jay Stansfield,FWD,Fulham,1.4,0,0,2,0,0,0,0,0,0.67,0,0,0,0,1,14,0,0,0,0,1,0,6640,0,0,1,0,1,50,FALSE,0
Jean-Clair Todibo,DEF,West Ham,1.9,0,0,2,0,0,0,0,0,0.07,0,0,0.3,3,5,2,0,0,0,0,1,0,39237,0,2,1,0,1,45,TRUE,0
Jean-Philippe Mateta,FWD,Crystal Palace,2.4,0,0,1,0,3.1,0.01,0.01,0,0.5,1,0,0.7,0,45,4,0,0,0,0,1,0,542468,1,1,2,4,1,75,FALSE,0
Jean-Ricner Bellegarde,MID,Wolves,0.6,0,0,2,0,1.3,0,0.07,0.07,0.99,1,0,0,0,56,1,0,0,0,0,1,0,3071,1,0,2,1,1,50,FALSE,0
Jefferson Lerma Solís,MID,Crystal Palace,1.6,0,0,7,0,14.4,0.32,0.32,0,0.95,1,0,1.8,3.4,16,4,0,0,0,0,1,0,5376,0,1,2,0,1,50,FALSE,0
Jeffrey Schlupp,MID,Crystal Palace,1.6,0,0,0,0,0,0,0,0,0,0,0,0,0,0,4,0,0,0,0,1,0,9877,0,1,2,0,0,50,FALSE,0
Jenson Metcalfe,MID,Everton,1,0,0,0,0,0,0,0,0,0,0,0,0,0,0,5,0,0,0,0,1,0,0,0,3,0,0,0,45,TRUE,0
Jeremy Sarmiento Morante,MID,Brighton,1.6,0,0,3,0,0.8,0,0,0,0,0,0,0.1,0.2,8,8,0,0,0,0,1,0,2792,0,3,0,0,1,50,FALSE,0
Jesper Lindstrøm,MID,Everton,2,0,0,0,0,0,0,0,0,0,0,0,0,0,0,5,0,0,0,0,1,0,13030,0,3,0,0,0,55,TRUE,0
Jesurun Rak-Sakyi,MID,Crystal Palace,1,0,0,0,0,0,0,0,0,0,0,0,0,0,0,4,0,0,0,0,1,0,20807,0,1,2,0,0,45,FALSE,0
Jhon Durán,FWD,Aston Villa,2,0,1,30,0,2.1,0,0.38,0.38,1.17,0,1,6,34.4,28,19,0,0,0,0,1,0,23567,0,2,1,23,6,60,FALSE,0
Joško Gvardiol,DEF,Man City,4.2,0,1,30,1,3.3,0.02,0.05,0.03,1.01,0,0,3.2,23.2,90,6,0,0,0,0,1,0,2793191,1,2,0,5,7,60,FALSE,0
João Cavaco Cancelo,DEF,Man City,3.8,0,0,0,0,0,0,0,0,0,0,0,0,0,0,6,0,0,0,0,1,0,76789,0,2,0,0,0,55,FALSE,0
João Neves Virgínia,GK,Everton,1,0,0,0,0,0,0,0,0,0,0,0,0,0,0,5,0,0,0,0,1,0,59289,0,3,0,0,0,40,TRUE,0
João Pedro Ferreira Silva,MID,Nott'm Forest,2.2,0,0,0,0,0,0,0,0,0,0,0,0,0,0,3,0,0,0,0,1,0,10205,0,1,1,0,0,60,TRUE,0
João Pedro Junqueira de Jesus,FWD,Brighton,1.7,0,0,9,1,10.8,0.02,0.05,0.03,0.45,0,0,2.3,5,81,8,0,0,0,0,1,0,1623770,1,3,0,7,2,55,FALSE,0
João Victor Gomes da Silva,MID,Wolves,0.6,0,0,11,0,3.2,0.02,0.02,0,1.24,2,0,1.2,8.6,83,1,0,0,0,0,1,0,11511,1,0,2,0,1,50,FALSE,1
Joël Veltman,DEF,Brighton,1.9,0,2,34,1,1.3,0,0,0,0.45,0,0,2.2,20.6,90,8,0,0,0,0,1,0,15104,1,3,0,0,8,45,FALSE,0
Joachim Andersen,DEF,Crystal Palace,1.9,0,0,3,0,2.9,0.02,0.06,0.04,1.59,2,0,2.8,18.4,90,4,0,0,0,0,1,0,1762243,1,1,2,7,0,45,FALSE,1
Joe Aribo,MID,Southampton,0.6,0,0,18,0,27.9,0.44,0.49,0.05,0.25,1,0,5.2,14.8,69,15,0,0,0,0,1,0,4540,1,0,1,9,2,50,FALSE,0
Joe Gauci,GK,Aston Villa,1,0,0,0,0,0,0,0,0,0,0,0,0,0,0,19,0,0,0,0,1,0,37657,0,2,1,0,0,40,FALSE,0
Joe Gomez,DEF,Liverpool,3.4,0,0,0,0,0,0,0,0,0,0,0,0,0,0,10,0,0,0,0,1,0,51959,0,2,0,0,0,50,FALSE,0
Joe Hodge,MID,Wolves,0,0,0,0,0,0,0,0,0,0,0,0,0,0,0,1,0,0,0,0,1,0,39994,0,0,2,0,0,45,FALSE,0
Joe Lumley,GK,Southampton,0,0,0,0,0,0,0,0,0,0,0,0,0,0,0,15,0,0,0,0,1,0,25648,0,0,1,0,0,40,FALSE,0
Joe White,MID,Newcastle,2,0,0,0,0,0,0,0,0,0,0,0,0,0,0,17,0,0,0,0,1,0,31223,0,0,1,0,0,45,TRUE,0
Joe Willock,MID,Newcastle,2.6,0,0,0,0,0,0,0,0,0,0,0,0,0,0,17,0,0,0,0,1,0,13992,0,0,1,0,0,50,TRUE,0
Joe Worrall,DEF,Nott'm Forest,1.9,0,0,0,0,0,0,0,0,0,0,0,0,0,0,3,0,0,0,0,1,0,5973,0,1,1,0,0,45,TRUE,0
Joel Ward,DEF,Crystal Palace,1.9,0,0,0,0,0,0,0,0,0,0,0,0,0,0,4,0,0,0,0,1,0,12469,0,1,2,0,0,45,FALSE,0
Joelinton Cássio Apolinário de Lira,MID,Newcastle,3.2,0,3,34,1,1.2,0.01,0.23,0.22,1.77,0,1,7.9,53.8,90,17,0,0,0,0,1,0,35765,1,0,1,24,11,60,TRUE,0
John McGinn,MID,Aston Villa,2,0,0,6,0,2.6,0.01,0.31,0.3,1.28,1,0,1.9,1.6,61,19,0,0,0,0,1,0,204217,1,2,1,15,2,55,FALSE,0
John Ruddy,GK,Newcastle,2,0,0,0,0,0,0,0,0,0,0,0,0,0,0,17,0,0,0,0,1,0,23963,0,0,1,0,0,40,TRUE,0
John Stones,DEF,Man City,3.8,0,0,0,0,0,0,0,0,0,0,0,0,0,0,6,0,0,0,0,1,0,195172,0,2,0,0,0,55,FALSE,0
Jonathan Panzo,DEF,Nott'm Forest,0,0,0,0,0,0,0,0,0,0,0,0,0,0,0,3,0,0,0,0,1,0,224,0,1,1,0,0,40,TRUE,0
Jonny Evans,DEF,Man Utd,1.9,0,0,2,0,0,0,0,0,0.06,0,0,0.1,1.4,9,9,0,0,0,0,1,0,11027,0,0,1,0,1,45,TRUE,0
Jordan Ayew,MID,Crystal Palace,2,0,0,-5,0,12.8,0.01,0.47,0.46,0.95,1,0,2,0.2,20,4,0,0,0,0,1,0,40324,0,1,2,7,0,55,FALSE,1
Jordan Pickford,GK,Everton,3.1,0,0,2,0,0,0.02,0.02,0,1.43,3,0,2.4,23.8,90,5,0,0,0,0,1,2,1450939,1,3,0,0,1,50,TRUE,0
Jorge Cuenca Barreno,DEF,Fulham,1.9,0,0,0,0,0,0,0,0,0,0,0,0,0,0,14,0,0,0,0,1,0,4853,0,0,1,0,0,45,FALSE,0
Jorge Luiz Frello Filho,MID,Arsenal,2.6,0,0,0,0,0,0,0,0,0,0,0,0,0,0,20,0,0,0,0,1,0,25861,0,0,2,0,0,50,TRUE,0
José Malheiro de Sá,GK,Wolves,1.2,0,0,10,0,0,0,0,0,1.24,2,0,3.1,31.2,90,1,0,0,0,0,1,4,205429,1,0,2,0,2,45,FALSE,0
Josh Bowler,MID,Nott'm Forest,1,0,0,0,0,0,0,0,0,0,0,0,0,0,0,3,0,0,0,0,1,0,5803,0,1,1,0,0,45,TRUE,0
Josh Dasilva,MID,Brentford,0,0,0,0,0,0,0,0,0,0,0,0,0,0,0,7,0,0,0,0,1,0,1084,0,1,2,0,0,50,TRUE,0
Josh King,MID,Fulham,1,0,0,0,0,0,0,0,0,0,0,0,0,0,0,14,0,0,0,0,1,0,3797,0,0,1,0,0,45,FALSE,0
Joshua Zirkzee,FWD,Man Utd,2.2,0,3,33,0,1.8,0,0.07,0.07,0.23,0,1,5.2,33.2,29,9,0,0,0,0,1,0,172194,0,0,1,17,8,70,TRUE,0
Juan Larios López,DEF,Southampton,0,0,0,0,0,0,0,0,0,0,0,0,0,0,0,15,0,0,0,0,1,0,7767,0,0,1,0,0,40,FALSE,0
Julián Álvarez,FWD,Man City,0,0,0,0,0,0,0,0,0,0,0,0,0,0,0,6,0,0,0,0,1,0,39036,0,2,0,0,0,70,FALSE,0
Julián Araujo Zúñiga,DEF,Bournemouth,1.9,0,0,4,0,1.3,0.01,0.01,0,0.28,0,0,0.6,4.2,27,16,0,0,0,0,1,0,14951,0,1,1,0,1,45,FALSE,0
Julio Enciso,MID,Brighton,0.5,0,0,0,0,0,0,0,0,0,0,0,0,0,0,8,0,0,0,0,1,0,6559,0,3,0,0,0,55,FALSE,0
Jurriën Timber,DEF,Arsenal,3.8,0,0,2,0,0.8,0.01,0.03,0.02,0.15,0,0,0.8,0,21,20,0,0,0,0,1,0,73714,0,0,2,8,1,55,TRUE,0
Justin Kluivert,MID,Bournemouth,2,0,0,0,0,6.7,0.02,0.02,0,0.28,0,0,1.5,1.8,26,16,0,0,0,0,1,0,38451,0,1,1,6,0,55,FALSE,1
Kacper Kozłowski,MID,Brighton,0,0,0,0,0,0,0,0,0,0,0,0,0,0,0,8,0,0,0,0,1,0,156,0,3,0,0,0,45,FALSE,0
Kai Havertz,FWD,Arsenal,3.5,1,3,48,1,24.1,0.04,0.49,0.45,0.47,0,1,12.5,54.8,90,20,0,0,0,0,1,0,1087445,1,0,2,46,12,80,TRUE,0
Kaine Kesler-Hayden,DEF,Aston Villa,0,0,0,0,0,0,0,0,0,0,0,0,0,0,0,19,0,0,0,0,1,0,2538,0,2,1,0,0,40,FALSE,0
Kalvin Phillips,MID,Ipswich,0.6,0,0,0,0,0,0,0,0,0,0,0,0,0,0,12,0,0,0,0,1,0,9305,0,2,0,0,0,50,TRUE,0
Kamaldeen Sulemana,MID,Southampton,0,0,0,0,0,0,0,0,0,0,0,0,0,0,0,15,0,0,0,0,1,0,587,0,0,1,0,0,50,FALSE,0
Karl Hein,GK,Arsenal,0,0,0,0,0,0,0,0,0,0,0,0,0,0,0,20,0,0,0,0,1,0,7300,0,0,2,0,0,40,TRUE,0
Kasey McAteer,MID,Leicester,1.1,0,0,3,0,0.1,0,0.02,0.02,0.19,0,0,0.8,4.2,4,18,0,0,0,0,1,0,3846,0,1,1,4,1,50,TRUE,0
Keane Lewis-Potter,MID,Brentford,1.6,0,0,4,0,0.5,0,0,0,0.67,0,0,0.3,2,16,7,0,0,0,0,1,0,4328,0,1,2,0,1,50,TRUE,0
Kenny Tete,DEF,Fulham,1.9,0,0,7,0,1.2,0,0.09,0.09,2.43,1,0,2.5,10,90,14,0,0,0,0,1,0,10690,1,0,1,14,2,45,FALSE,0
Kepa Arrizabalaga,GK,Chelsea,1.2,0,0,0,0,0,0,0,0,0,0,0,0,0,0,13,0,0,0,0,1,0,27495,0,2,0,0,0,45,TRUE,0
Kevin De Bruyne,MID,Man City,4.2,0,0,14,1,15.3,0.32,0.39,0.07,1.01,0,0,2.4,5,90,6,0,0,0,0,1,0,627901,1,2,0,4,3,95,FALSE,0
Kevin Mbabu,DEF,Fulham,1,0,0,0,0,0,0,0,0,0,0,0,0,0,0,14,0,0,0,0,1,0,41969,0,0,1,0,0,40,FALSE,0
Kevin Schade,MID,Brentford,2,0,0,-2,0,0.9,0.01,0.14,0.13,0.5,1,0,1.6,6.8,73,7,0,0,0,0,1,0,6235,1,1,2,8,2,55,TRUE,0
Kieran Tierney,DEF,Arsenal,0,0,0,0,0,0,0,0,0,0,0,0,0,0,0,20,0,0,0,0,1,0,5469,0,0,2,0,0,45,TRUE,0
Kieran Trippier,DEF,Newcastle,4.2,0,0,0,0,0,0,0,0,0,0,0,0,0,0,17,0,0,0,0,1,0,1193630,0,0,1,0,0,60,TRUE,0
Kiernan Dewsbury-Hall,MID,Chelsea,1.2,0,0,4,0,1.6,0.01,0.01,0,0.11,1,0,0.4,2,24,13,0,0,0,0,1,0,23669,0,2,0,0,1,60,TRUE,0
Ki-Jana Hoever,DEF,Wolves,0,0,0,0,0,0,0,0,0,0,0,0,0,0,0,1,0,0,0,0,1,0,27953,0,0,2,0,0,40,FALSE,0
Kim Ji-soo,DEF,Brentford,1,0,0,0,0,0,0,0,0,0,0,0,0,0,0,7,0,0,0,0,1,0,20997,0,1,2,0,0,40,TRUE,0
Kobbie Mainoo,MID,Man Utd,2,0,0,21,1,3.7,0.01,0.04,0.03,0.38,0,0,1.7,12,83,9,0,0,0,0,1,0,533586,1,0,1,1,3,55,TRUE,0
Konstantinos Mavropanos,DEF,West Ham,1.9,0,0,13,0,0.9,0,0.02,0.02,2.03,2,0,3.1,27.8,90,2,0,0,0,0,1,0,9711,1,2,1,2,1,45,TRUE,0
Konstantinos Tsimikas,DEF,Liverpool,3.4,0,0,3,0,1.2,0.01,0.01,0,0.04,0,0,0.3,1.4,11,10,0,0,0,0,1,0,40013,0,2,0,0,1,50,FALSE,0
Kortney Hause,DEF,Aston Villa,1,0,0,0,0,0,0,0,0,0,0,0,0,0,0,19,0,0,0,0,1,0,46204,0,2,1,0,0,40,FALSE,0
Kosta Nedeljković,DEF,Aston Villa,1,0,0,6,0,0.3,0,0,0,1.04,0,0,0.5,4.2,8,19,0,0,0,0,1,0,26790,0,2,1,0,1,40,FALSE,0
Kristoffer Ajer,DEF,Brentford,1.9,0,0,4,0,1.3,0,0.28,0.28,1.17,1,0,4.2,7.8,90,7,0,0,0,0,1,0,32185,1,1,2,33,2,45,TRUE,0
Kurt Zouma,DEF,West Ham,1.9,0,0,0,0,0,0,0,0,0,0,0,0,0,0,2,0,0,0,0,1,0,50531,0,2,1,0,0,45,TRUE,0
Kyle Walker,DEF,Man City,3.8,0,0,0,0,0,0,0,0,0,0,0,0,0,0,6,0,0,0,0,1,0,838154,0,2,0,0,0,55,FALSE,0
Kyle Walker-Peters,DEF,Southampton,0.9,0,0,8,0,10.9,0.08,0.14,0.06,0.25,1,0,2.1,2,80,15,0,0,0,0,1,0,40395,1,0,1,8,2,45,FALSE,0
Lamare Bogarde,DEF,Aston Villa,1,0,0,0,0,0,0,0,0,0,0,0,0,0,0,19,0,0,0,0,1,0,6352,0,2,1,0,0,40,FALSE,0
Leander Dendoncker,MID,Aston Villa,1,0,0,0,0,0,0,0,0,0,0,0,0,0,0,19,0,0,0,0,1,0,82976,0,2,1,0,0,45,FALSE,0
Leandro Trossard,MID,Arsenal,3.5,0,0,2,0,0.3,0,0,0,0.15,0,0,0.5,4.2,10,20,0,0,0,0,1,0,192689,0,0,2,0,1,70,TRUE,0
Leif Davis,DEF,Ipswich,0.9,0,0,-1,0,6.1,0.02,0.02,0,2.65,2,0,2.1,14.8,90,12,0,0,0,0,1,0,155392,1,2,0,0,1,45,TRUE,0
Leny Yoro,DEF,Man Utd,0,0,0,0,0,0,0,0,0,0,0,0,0,0,0,9,0,0,0,0,1,0,19850,0,0,1,0,0,45,TRUE,0
Leon Bailey,MID,Aston Villa,2.3,0,0,1,0,30.5,0.21,0.42,0.21,1.39,1,0,4.2,0,73,19,0,0,0,0,1,0,328252,1,2,1,13,1,65,FALSE,1
Leon Chiwome,FWD,Wolves,0,0,0,0,0,0,0,0,0,0,0,0,0,0,0,1,0,0,0,0,1,0,9106,0,0,2,0,0,45,FALSE,0
Lesley Ugochukwu,MID,Chelsea,0,0,0,0,0,0,0,0,0,0,0,0,0,0,0,13,0,0,0,0,1,0,28052,0,2,0,0,0,45,TRUE,0
Levi Colwill,DEF,Chelsea,0.9,0,0,8,0,0.8,0.01,0.01,0,0.77,2,0,2.1,20.4,90,13,0,0,0,0,1,0,60767,1,2,0,0,1,45,TRUE,0
Lewis Cook,MID,Bournemouth,1.6,0,0,12,0,16,0.21,0.21,0,1.04,1,0,2.7,10.8,83,16,0,0,0,0,1,0,6523,1,1,1,0,1,50,FALSE,1
Lewis Dobbin,MID,Aston Villa,0,0,0,0,0,0,0,0,0,0,0,0,0,0,0,19,0,0,0,0,1,0,478,0,2,1,0,0,50,FALSE,0
Lewis Dunk,DEF,Brighton,1.9,0,0,23,1,0.3,0,0.07,0.07,0.45,0,0,1.3,7,75,8,0,0,0,0,1,0,367736,1,3,0,6,6,45,FALSE,0
Lewis Hall,DEF,Newcastle,2.9,0,0,17,1,14.7,0.02,0.02,0,1.33,0,0,3.1,14.2,69,17,0,0,0,0,1,0,431511,1,0,1,2,5,45,TRUE,1
Lewis Miley,MID,Newcastle,0,0,0,0,0,0,0,0,0,0,0,0,0,0,0,17,0,0,0,0,1,0,232,0,0,1,0,0,50,TRUE,0
Lewis O'Brien,MID,Nott'm Forest,0,0,0,0,0,0,0,0,0,0,0,0,0,0,0,3,0,0,0,0,1,0,205,0,1,1,0,0,50,TRUE,0
Liam Delap,FWD,Ipswich,0.7,0,0,8,0,20.7,0,0,0,2.07,2,0,3.5,6.4,73,12,0,0,0,0,1,0,35272,1,2,0,8,2,55,TRUE,0
Lino da Cruz Sousa,DEF,Aston Villa,0,0,0,0,0,0,0,0,0,0,0,0,0,0,0,19,0,0,0,0,1,0,24385,0,2,1,0,0,40,FALSE,0
Lisandro Martínez,DEF,Man Utd,1.9,0,1,26,1,11.9,0.02,0.02,0,0.44,0,0,3.1,19.4,90,9,0,0,0,0,1,0,403535,1,0,1,0,7,45,TRUE,0
Lloyd Kelly,DEF,Newcastle,2.9,0,0,4,0,0,0,0,0,0.44,0,0,0.9,9.2,20,17,0,0,0,0,1,0,12480,0,0,1,0,1,45,TRUE,0
Lucas Bergström,GK,Chelsea,0,0,0,0,0,0,0,0,0,0,0,0,0,0,0,13,0,0,0,0,1,0,18789,0,2,0,0,0,40,TRUE,0
Lucas Bergvall,MID,Spurs,1.5,0,0,9,0,19.4,0.14,0.2,0.06,0.12,0,0,3.6,11.8,12,11,0,0,0,0,1,0,75912,0,1,1,5,1,45,FALSE,0
Lucas Digne,DEF,Aston Villa,1.9,0,0,14,0,19.2,0.13,0.13,0,1.39,1,0,3.4,14.4,73,19,0,0,0,0,1,0,196248,1,2,1,0,2,45,FALSE,0
Lucas Tolentino Coelho de Lima,MID,West Ham,2.2,0,0,21,0,17,0.04,0.83,0.79,1.76,1,1,7.4,40.4,73,2,0,0,0,0,1,0,139323,1,2,1,17,6,60,TRUE,1
Luis Díaz,MID,Liverpool,3.6,0,0,13,1,37.1,0.38,0.84,0.46,0.45,0,0,7.8,9.6,90,10,0,0,0,0,1,0,745699,1,2,0,31,3,75,FALSE,0
Luis Guilherme Lira dos Santos,MID,West Ham,1.6,0,0,0,0,0,0,0,0,0,0,0,0,0,0,2,0,0,0,0,1,0,3225,0,2,1,0,0,50,TRUE,0
Luis Sinisterra,MID,Bournemouth,1.6,0,0,7,0,1.8,0.02,0.17,0.15,1.02,1,0,3.2,7,63,16,0,0,0,0,1,0,17130,1,1,1,23,2,50,FALSE,0
Luke Cundle,MID,Wolves,0,0,0,0,0,0,0,0,0,0,0,0,0,0,0,1,0,0,0,0,1,0,9908,0,0,2,0,0,45,FALSE,0
Luke Harris,MID,Fulham,0,0,0,0,0,0,0,0,0,0,0,0,0,0,0,14,0,0,0,0,1,0,1375,0,0,1,0,0,45,FALSE,0
Luke Shaw,DEF,Man Utd,0,0,0,0,0,0,0,0,0,0,0,0,0,0,0,9,0,0,0,0,1,0,74935,0,0,1,0,0,50,TRUE,0
Luke Thomas,DEF,Leicester,0.5,0,0,0,0,0,0,0,0,0,0,0,0,0,0,18,0,0,0,0,1,0,51407,0,1,1,0,0,40,TRUE,0
Luke Woolfenden,DEF,Ipswich,0,0,0,7,0,0.3,0,0,0,2.65,2,0,3,27.2,90,12,0,0,0,0,1,0,108271,1,2,0,2,0,40,TRUE,1
Mads Hermansen,GK,Leicester,1.7,0,0,15,0,0,0,0,0,1.23,1,0,4.2,41.6,90,18,0,0,0,0,1,5,34105,1,1,1,0,3,45,TRUE,0
Mads Roerslev Rasmussen,DEF,Brentford,1.9,0,0,4,0,1.2,0,0,0,1.17,1,0,0.9,7.6,90,7,0,0,0,0,1,0,8169,1,1,2,0,2,45,TRUE,0
Mahmoud Dahoud,MID,Brighton,1.6,0,0,0,0,0,0,0,0,0,0,0,0,0,0,8,0,0,0,0,1,0,2851,0,3,0,0,0,50,FALSE,0
Malang Sarr,DEF,Chelsea,0,0,0,0,0,0,0,0,0,0,0,0,0,0,0,13,0,0,0,0,1,0,716,0,2,0,0,0,45,TRUE,0
Malcolm Ebiowei,MID,Crystal Palace,0,0,0,0,0,0,0,0,0,0,0,0,0,0,0,4,0,0,0,0,1,0,716,0,1,2,0,0,45,FALSE,0
Malo Gusto,DEF,Chelsea,1.4,0,0,0,0,2.8,0.07,0.07,0,0.77,2,0,1.6,7,90,13,0,0,0,0,1,0,265669,1,2,0,6,1,50,TRUE,0
Manor Solomon,MID,Spurs,2.5,0,0,0,0,0,0,0,0,0,0,0,0,0,0,11,0,0,0,0,1,0,5690,0,1,1,0,0,55,FALSE,0
Manuel Akanji,DEF,Man City,3.8,0,0,28,1,1.6,0.01,0.01,0,1.01,0,0,1.8,16.2,90,6,0,0,0,0,1,0,377453,1,2,0,0,6,55,FALSE,0
Marc Cucurella Saseta,DEF,Chelsea,1.4,0,0,16,0,4,0.02,0.02,0,0.69,1,0,2.4,18,79,13,0,0,0,0,1,0,521204,1,2,0,2,2,50,TRUE,0
Marc Guéhi,DEF,Crystal Palace,1.9,0,0,9,0,2.6,0.02,0.02,0,1.59,2,0,2.4,21,90,4,0,0,0,0,1,0,643172,1,1,2,0,0,45,FALSE,1
Marc Guiu Paz,FWD,Chelsea,0.4,0,0,2,0,0.3,0,0,0,0.11,1,0,0,0,24,13,0,0,0,0,1,0,62388,0,2,0,0,1,50,TRUE,0
Marcos Senesi,DEF,Bournemouth,2.4,0,0,0,0,0,0,0,0,0,0,0,0,0,0,16,0,0,0,0,1,0,91548,0,1,1,0,0,50,FALSE,0
Marcus Bettinelli,GK,Chelsea,0,0,0,0,0,0,0,0,0,0,0,0,0,0,0,13,0,0,0,0,1,0,33631,0,2,0,0,0,40,TRUE,0
Marcus Myers-Harness,MID,Ipswich,0.6,0,0,1,0,1.6,0.03,0.03,0,1.21,1,0,1.1,5.4,25,12,0,0,0,0,1,0,2261,0,2,0,4,1,50,TRUE,0
Marcus Rashford,MID,Man Utd,2.5,0,0,5,1,14.8,0.11,0.11,0,0.44,0,0,2.7,4.6,90,9,0,0,0,0,1,0,410469,1,0,1,8,3,70,TRUE,0
Marcus Tavernier,MID,Bournemouth,2,0,0,14,0,41.4,0.12,0.54,0.42,1.3,1,0,7.9,10.2,90,16,0,0,0,0,1,0,14476,1,1,1,27,2,55,FALSE,0
Mario Lemina,MID,Wolves,0.6,0,0,16,0,1,0.01,0.01,0,1.24,2,0,3.1,29.8,90,1,0,0,0,0,1,0,14599,1,0,2,0,2,50,FALSE,0
Mark Flekken,GK,Brentford,2.2,0,0,22,0,0,0,0,0,1.17,1,0,4.6,46.4,90,7,0,0,0,0,1,6,1005914,1,1,2,0,4,45,TRUE,0
Mark O’Mahony,FWD,Brighton,1,0,0,0,0,0,0,0,0,0,0,0,0,0,0,8,0,0,0,0,1,0,47927,0,3,0,0,0,45,FALSE,0
Mark Travers,GK,Bournemouth,2.2,0,0,0,0,0,0,0,0,0,0,0,0,0,0,16,0,0,0,0,1,0,14323,0,1,1,0,0,45,FALSE,0
Martial Godo,MID,Fulham,1,0,0,0,0,0,0,0,0,0,0,0,0,0,0,14,0,0,0,0,1,0,1323,0,0,1,0,0,45,FALSE,0
Martin Ødegaard,MID,Arsenal,3.9,0,0,16,1,24,0.06,0.08,0.02,0.47,0,0,5.4,15,90,20,0,0,0,0,1,0,1391537,1,0,2,15,3,85,TRUE,0
Martin Dúbravka,GK,Newcastle,3.2,0,0,0,0,0,0,0,0,0,0,0,0,0,0,17,0,0,0,0,1,0,114645,0,0,1,0,0,45,TRUE,0
Mason Holgate,DEF,Everton,1,0,0,-1,0,0,0,0,0,0.07,1,0,0,0,5,5,0,0,0,0,1,0,43592,0,3,0,0,1,40,TRUE,0
Mason Mount,MID,Man Utd,2.3,0,0,-1,1,22.8,0.03,0.33,0.3,0.21,0,0,5.8,10.2,60,9,0,0,0,0,1,0,22295,1,0,1,25,2,65,TRUE,1
Massimo Luongo,MID,Ipswich,0,0,0,8,0,1.3,0,0,0,1.45,1,0,1.2,10.8,64,12,0,0,0,0,1,0,23647,1,2,0,0,2,45,TRUE,0
Mateo Kovačić,MID,Man City,3,0,3,36,1,4.9,0.02,0.15,0.13,1.01,0,1,7,55.6,90,6,0,0,0,0,1,0,19927,1,2,0,9,11,55,FALSE,0
Mateusz Lis,GK,Southampton,0,0,0,0,0,0,0,0,0,0,0,0,0,0,0,15,0,0,0,0,1,0,23928,0,0,1,0,0,40,FALSE,0
Matheus França de Oliveira,MID,Crystal Palace,0,0,0,0,0,0,0,0,0,0,0,0,0,0,0,4,0,0,0,0,1,0,11416,0,1,2,0,0,45,FALSE,0
Matheus Luiz Nunes,MID,Man City,2.6,0,0,0,0,0,0,0,0,0,0,0,0,0,0,6,0,0,0,0,1,0,3409,0,2,0,0,0,50,FALSE,0
Matheus Santos Carneiro Da Cunha,FWD,Wolves,1.1,0,0,9,0,16.2,0.02,0.08,0.06,0.25,1,0,4.7,13.8,33,1,0,0,0,0,1,0,197434,0,0,2,17,1,65,FALSE,0
Mathias Jensen,MID,Brentford,2,0,0,11,0,17.9,0.03,0.03,0,0.61,1,0,2.9,11.2,83,7,0,0,0,0,1,0,14932,1,1,2,0,2,55,TRUE,0
Mathias Jorgensen,DEF,Brentford,0,0,0,0,0,0,0,0,0,0,0,0,0,0,0,7,0,0,0,0,1,0,5300,0,1,2,0,0,45,TRUE,0
Mats Wieffer,MID,Brighton,1.6,1,0,20,1,16.3,0.02,0.02,0,0.45,0,0,4.7,31,90,8,0,0,0,0,1,0,4093,1,3,0,0,6,50,FALSE,0
Matt Doherty,DEF,Wolves,0.9,0,0,7,0,2.7,0.01,0.09,0.08,1.24,2,0,2.4,12.2,90,1,0,0,0,0,1,0,18088,1,0,2,9,1,45,FALSE,0
Matt Targett,DEF,Newcastle,0.5,0,0,0,0,0,0,0,0,0,0,0,0,0,0,17,0,0,0,0,1,0,39033,0,0,1,0,0,40,TRUE,0
Matt Turner,GK,Nott'm Forest,1,0,0,0,0,0,0,0,0,0,0,0,0,0,0,3,0,0,0,0,1,0,1752814,0,1,1,0,0,40,TRUE,0
Matthijs de Ligt,DEF,Man Utd,2.4,0,0,3,0,0,0,0,0,0.06,0,0,0,0.2,9,9,0,0,0,0,1,0,314129,0,0,1,0,1,50,TRUE,0
Matty Cash,DEF,Aston Villa,1.9,0,0,7,0,12.4,0.01,0.01,0,1.41,1,0,2.3,9,81,19,0,0,0,0,1,0,263349,1,2,1,2,2,45,FALSE,0
Matz Sels,GK,Nott'm Forest,2.2,0,0,13,0,0,0,0,0,1.22,1,0,2.4,23.8,90,3,0,0,0,0,1,3,100200,1,1,1,0,3,45,TRUE,0
Max Aarons,DEF,Bournemouth,1.9,0,0,0,0,0,0,0,0,0,0,0,0,0,0,16,0,0,0,0,1,0,22340,0,1,1,0,0,45,FALSE,0
Max Kilman,DEF,West Ham,1.9,0,0,9,0,11.3,0.07,0.07,0,2.03,2,0,4.5,31.2,90,2,0,0,0,0,1,0,73980,1,2,1,2,1,45,TRUE,0
Maxwel Cornet,MID,West Ham,1.6,0,0,0,0,0,0,0,0,0,0,0,0,0,0,2,0,0,0,0,1,0,2853,0,2,1,0,0,50,TRUE,0
Michael Golding,MID,Leicester,0.5,0,0,0,0,0,0,0,0,0,0,0,0,0,0,18,0,0,0,0,1,0,4727,0,1,1,0,0,45,TRUE,0
Michael Keane,DEF,Everton,1,0,0,0,0,0.4,0.01,0.02,0.01,1.43,3,0,1.7,12.2,90,5,0,0,0,0,1,0,195758,1,3,0,4,1,40,TRUE,0
Michail Antonio,FWD,West Ham,1.7,0,0,4,0,0.4,0,0.15,0.15,1.76,1,0,0.8,0,72,2,0,0,0,0,1,0,121442,1,2,1,11,2,55,TRUE,0
Micky van de Ven,DEF,Spurs,2.4,0,0,12,0,3.3,0.02,0.02,0,1.02,1,0,1.8,15,90,11,0,0,0,0,1,0,578525,1,1,1,0,2,45,FALSE,0
Miguel Almirón Rejala,MID,Newcastle,3.2,0,0,0,0,0,0,0,0,0,0,0,0,0,0,17,0,0,0,0,1,0,84045,0,0,1,0,0,60,TRUE,0
Mikey Moore,MID,Spurs,1.5,0,0,0,0,0,0,0,0,0,0,0,0,0,0,11,0,0,0,0,1,0,8413,0,1,1,0,0,45,FALSE,0
Mikkel Damsgaard,MID,Brentford,1.6,0,0,3,0,1.3,0,0,0,0.67,0,0,0.3,1.8,16,7,0,0,0,0,1,0,6304,0,1,2,0,1,50,TRUE,0
Milos Kerkez,DEF,Bournemouth,1.9,0,0,5,0,12.7,0.01,0.01,0,1.3,1,0,2.7,12,90,16,0,0,0,0,1,0,40065,1,1,1,2,1,45,FALSE,1
Miodrag Pivaš,DEF,Newcastle,2,0,0,0,0,0,0,0,0,0,0,0,0,0,0,17,0,0,0,0,1,0,10005,0,0,1,0,0,40,TRUE,0
Mitoma Kaoru,MID,Brighton,2.3,0,0,27,1,4.1,0.04,1.01,0.97,0.45,0,1,13.2,48.2,88,8,0,0,0,0,1,0,164023,1,3,0,80,8,65,FALSE,0
Mohamed Salah,MID,Liverpool,5,1,3,38,1,24.4,0.15,0.85,0.7,0.45,0,1,15.2,58,90,10,0,0,0,0,1,0,2894604,1,2,0,70,14,125,FALSE,0
Mohammed Kudus,MID,West Ham,2.3,0,0,11,0,27.5,0.47,0.55,0.08,2.03,2,0,5.7,7.6,90,2,0,0,0,0,1,0,763274,1,2,1,22,2,65,TRUE,0
Moisés Caicedo Corozo,MID,Chelsea,0.6,0,0,12,0,28.3,0.06,0.09,0.03,0.77,2,0,4.2,11.6,90,13,0,0,0,0,1,0,57062,1,2,0,2,1,50,TRUE,1
Morgan Gibbs-White,MID,Nott'm Forest,2.3,0,0,8,0,41.3,0.07,0.17,0.1,1.22,1,0,6.5,9.8,90,3,0,0,0,0,1,0,430423,1,1,1,14,2,65,TRUE,0
Morgan Rogers,MID,Aston Villa,1.6,0,0,14,0,23.3,0.08,0.29,0.21,2.46,1,0,5.7,17.8,90,19,0,0,0,0,1,0,786621,1,2,1,16,2,50,FALSE,0
Moussa Diaby,MID,Aston Villa,0,0,0,0,0,0,0,0,0,0,0,0,0,0,0,19,0,0,0,0,1,0,5025,0,2,1,0,0,65,FALSE,0
Murillo Santiago Costa dos Santos,DEF,Nott'm Forest,1.9,0,0,14,0,1,0,0,0,1.22,1,0,2.1,19.8,90,3,0,0,0,0,1,0,44981,1,1,1,0,2,45,TRUE,0
Mykhailo Mudryk,MID,Chelsea,1.3,0,0,0,0,0,0,0,0,0,0,0,0,0,0,13,0,0,0,0,1,0,29901,0,2,0,0,0,65,TRUE,0
Myles Lewis-Skelly,MID,Arsenal,2,0,0,0,0,0,0,0,0,0,0,0,0,0,0,20,0,0,0,0,1,0,1740,0,0,2,0,0,45,TRUE,0
Myles Peart-Harris,MID,Brentford,1,0,0,0,0,0,0,0,0,0,0,0,0,0,0,7,0,0,0,0,1,0,4262,0,1,2,0,0,45,TRUE,0
Nélson Cabral Semedo,DEF,Wolves,0,0,0,0,0,0,0,0,0,0,0,0,0,0,0,1,0,0,0,0,1,0,1180,0,0,2,0,0,45,FALSE,0
Naouirou Ahamada,MID,Crystal Palace,1,0,0,0,0,0,0,0,0,0,0,0,0,0,0,4,0,0,0,0,1,0,33112,0,1,2,0,0,45,FALSE,0
Nathan Aké,DEF,Man City,3.8,0,0,0,0,0,0,0,0,0,0,0,0,0,0,6,0,0,0,0,1,0,231353,0,2,0,0,0,55,FALSE,0
Nathan Broadhead,MID,Ipswich,0,0,0,0,0,0,0,0,0,0,0,0,0,0,0,12,0,0,0,0,1,0,1380,0,2,0,0,0,50,TRUE,0
Nathan Collins,DEF,Brentford,1.9,1,1,23,0,0.5,0,0.22,0.22,1.17,1,0,5.7,39.4,90,7,0,0,0,0,1,0,31553,1,1,2,17,6,45,TRUE,0
Nathan Fraser,FWD,Wolves,0,0,0,0,0,0,0,0,0,0,0,0,0,0,0,1,0,0,0,0,1,0,506533,0,0,2,0,0,45,FALSE,0
Nathan Patterson,DEF,Everton,0,0,0,0,0,0,0,0,0,0,0,0,0,0,0,5,0,0,0,0,1,0,2504,0,3,0,0,0,45,TRUE,0
Nathan Wood-Gordon,DEF,Southampton,0,0,0,0,0,0,0,0,0,0,0,0,0,0,0,15,0,0,0,0,1,0,101631,0,0,1,0,0,40,FALSE,0
Nathaniel Clyne,DEF,Crystal Palace,1.9,0,0,0,0,0,0,0,0,0,0,0,0,0,0,4,0,0,0,0,1,0,10517,0,1,2,0,0,45,FALSE,0
Nathaniel Phillips,DEF,Liverpool,2,0,0,0,0,0,0,0,0,0,0,0,0,0,0,10,0,0,0,0,1,0,14539,0,2,0,0,0,40,FALSE,0
Nayef Aguerd,DEF,West Ham,1.9,0,0,0,0,0,0,0,0,0,0,0,0,0,0,2,0,0,0,0,1,0,12428,0,2,1,0,0,45,TRUE,0
Neal Maupay,FWD,Everton,1.4,0,0,0,0,0,0,0,0,0,0,0,0,0,0,5,0,0,0,0,1,0,154002,0,3,0,0,0,50,TRUE,0
Neco Williams,DEF,Nott'm Forest,1.9,0,0,9,0,30.9,0.13,0.16,0.03,1.22,1,0,5.9,21.8,90,3,0,0,0,0,1,0,43912,1,1,1,6,1,45,TRUE,1
Nick Pope,GK,Newcastle,4.1,0,2,27,1,0,0,0,0,1.77,0,0,2.5,25.2,90,17,0,0,0,0,1,3,510361,1,0,1,0,9,50,TRUE,0
Niclas Füllkrug,FWD,West Ham,2.2,0,0,2,0,0.4,0,0,0,0.27,1,0,0.2,1.2,17,2,0,0,0,0,1,0,362778,0,2,1,0,1,70,TRUE,0
Nico O'Reilly,MID,Man City,2.6,0,0,0,0,0,0,0,0,0,0,0,0,0,0,6,0,0,0,0,1,0,576,0,2,0,0,0,50,FALSE,0
Nicolás Domínguez,MID,Nott'm Forest,1.6,0,0,3,0,5.7,0.09,0.09,0,0.67,1,0,1.6,6.2,36,3,0,0,0,0,1,0,3116,0,1,1,4,1,50,TRUE,0
Nicolas Jackson,FWD,Chelsea,1.4,0,0,3,0,23.6,0.06,0.53,0.47,0.66,1,0,5.1,4.6,65,13,0,0,0,0,1,0,159569,1,2,0,23,2,75,TRUE,0
Nikola Milenković,DEF,Nott'm Forest,1.9,0,0,0,0,0,0,0,0,0,0,0,0,0,0,3,0,0,0,0,1,0,17842,0,1,1,0,0,45,TRUE,0
Noni Madueke,MID,Chelsea,1.3,0,0,0,0,0,0,0,0,0,0,0,0,0,0,13,0,0,0,0,1,0,36421,0,2,0,0,0,65,TRUE,0
Norberto Bercique Gomes Betuncal,FWD,Everton,1.4,0,0,2,0,0,0,0,0,0.07,1,0,0,0,14,5,0,0,0,0,1,0,36900,0,3,0,0,1,50,TRUE,0
Norberto Murara Neto,GK,Bournemouth,2.2,0,0,17,0,0,0,0,0,1.3,1,0,4.7,47,90,16,0,0,0,0,1,7,198435,1,1,1,0,4,45,FALSE,0
Noussair Mazraoui,DEF,Man Utd,1.9,0,2,32,1,2.4,0.01,0.01,0,0.38,0,0,1.6,14,80,9,0,0,0,0,1,0,204143,1,0,1,0,8,45,TRUE,0
Odeluga Offiah,DEF,Brighton,1,0,0,0,0,0,0,0,0,0,0,0,0,0,0,8,0,0,0,0,1,0,12397,0,3,0,0,0,40,FALSE,0
Odsonne Edouard,FWD,Crystal Palace,1.7,0,0,1,0,10.7,0.02,0.07,0.05,1.09,1,0,1.5,0,45,4,0,0,0,0,1,0,68403,0,1,2,5,1,55,FALSE,0
Odysseas Vlachodimos,GK,Newcastle,3.2,0,0,0,0,0,0,0,0,0,0,0,0,0,0,17,0,0,0,0,1,0,12498,0,0,1,0,0,45,TRUE,0
Ola Aina,DEF,Nott'm Forest,1.9,0,0,4,0,2.1,0.02,0.04,0.02,0.55,0,0,0.8,5.2,53,3,0,0,0,0,1,0,112193,1,1,1,1,1,45,TRUE,0
Oleksandr Zinchenko,DEF,Arsenal,3.4,0,0,22,1,4.9,0.04,0.04,0,0.32,0,0,1.8,7.2,68,20,0,0,0,0,1,0,230223,1,0,2,6,6,50,TRUE,0
Oliver Skipp,MID,Spurs,2.1,0,0,0,0,0,0,0,0,0,0,0,0,0,0,11,0,0,0,0,1,0,3601,0,1,1,0,0,50,FALSE,0
Ollie Watkins,FWD,Aston Villa,2.7,0,0,3,0,0.2,0,0,0,1.28,1,0,0.3,0,61,19,0,0,0,0,1,0,3152729,1,2,1,4,2,90,FALSE,0
Omar Richards,DEF,Nott'm Forest,1.9,0,0,0,0,0,0,0,0,0,0,0,0,0,0,3,0,0,0,0,1,0,5640,0,1,1,0,0,45,TRUE,0
Omari Giraud-Hutchinson,MID,Ipswich,1,0,0,11,0,1.8,0.02,0.29,0.27,2.65,2,0,2.7,7.2,90,12,0,0,0,0,1,0,51791,1,2,0,18,1,55,TRUE,1
Omari Kellyman,MID,Chelsea,0,0,0,0,0,0,0,0,0,0,0,0,0,0,0,13,0,0,0,0,1,0,3460,0,2,0,0,0,45,TRUE,0
Oscar Bobb,MID,Man City,0,0,0,0,0,0,0,0,0,0,0,0,0,0,0,6,0,0,0,0,1,0,31717,0,2,0,0,0,50,FALSE,0
Pablo Sarabia,MID,Wolves,1,0,0,6,0,1.3,0.01,0.09,0.08,0,0,0,2.6,7.4,6,1,0,0,0,0,1,0,20559,0,0,2,17,1,55,FALSE,0
Pape Matar Sarr,MID,Spurs,2.1,0,0,12,0,15.6,0.04,0.05,0.01,0.9,1,0,2.9,7,77,11,0,0,0,0,1,0,23419,1,1,1,6,2,50,FALSE,0
Pascal Groß,MID,Brighton,0,0,0,0,0,0,0,0,0,0,0,0,0,0,0,8,0,0,0,0,1,0,10739,0,3,0,0,0,65,FALSE,0
Patson Daka,FWD,Leicester,0,0,0,0,0,0,0,0,0,0,0,0,0,0,0,18,0,0,0,0,1,0,30123,0,1,1,0,0,50,TRUE,0
Pau Torres,DEF,Aston Villa,1.9,0,0,17,0,1.9,0.01,0.01,0,2.46,1,0,3.1,29.2,90,19,0,0,0,0,1,0,122710,1,2,1,0,2,45,FALSE,0
Paul Onuachu,FWD,Southampton,0.4,0,0,0,0,0,0,0,0,0,0,0,0,0,0,15,0,0,0,0,1,0,9474,0,0,1,0,0,50,FALSE,0
Pedro Cardoso de Lima,DEF,Wolves,0,0,0,0,0,0,0,0,0,0,0,0,0,0,0,1,0,0,0,0,1,0,123257,0,0,2,0,0,40,FALSE,0
Pedro Lomba Neto,MID,Chelsea,1.3,0,0,6,0,26.7,0.16,0.2,0.04,0.11,1,0,4.3,7.4,32,13,0,0,0,0,1,0,100779,0,2,0,9,1,65,TRUE,0
Pedro Porro,DEF,Spurs,3.3,0,1,28,0,59.3,0.32,0.41,0.09,0.96,1,1,13,50,90,11,0,0,0,0,1,0,3078763,1,1,1,21,9,55,FALSE,0
Pervis Estupiñán,DEF,Brighton,1.2,0,0,0,0,0,0,0,0,0,0,0,0,0,0,8,0,0,0,0,1,0,9056,0,3,0,0,0,50,FALSE,0
Phil Foden,MID,Man City,4.2,0,0,6,0,3.7,0.01,0.01,0,0.72,0,0,1.3,9,45,6,0,0,0,0,1,0,1585478,0,2,0,0,1,95,FALSE,0
Philip Billing,MID,Bournemouth,1.6,0,0,1,0,0,0,0,0,0.26,0,0,0.4,2,6,16,0,0,0,0,1,0,6497,0,1,1,2,1,50,FALSE,0
Pierre-Emile Højbjerg,MID,Spurs,0,0,0,0,0,0,0,0,0,0,0,0,0,0,0,11,0,0,0,0,1,0,824,0,1,1,0,0,50,FALSE,0
Raúl Jiménez,FWD,Fulham,1.7,0,0,3,0,0.3,0,0,0,0.87,1,0,0.1,0.2,12,14,0,0,0,0,1,0,42210,0,0,1,0,1,55,FALSE,0
Radu Drăgușin,DEF,Spurs,2.4,0,0,0,0,0,0,0,0,0,0,0,0,0,0,11,0,0,0,0,1,0,20787,0,1,1,0,0,45,FALSE,0
Raheem Sterling,MID,Chelsea,1.5,0,0,0,0,0,0,0,0,0,0,0,0,0,0,13,0,0,0,0,1,0,164846,0,2,0,0,0,70,TRUE,0
Rúben Gato Alves Dias,DEF,Man City,3.8,0,0,27,1,0.5,0,0,0,1.01,0,0,1.5,14.2,90,6,0,0,0,0,1,0,293835,1,2,0,0,6,55,FALSE,0
Rasmus Højlund,FWD,Man Utd,0,0,0,0,0,0,0,0,0,0,0,0,0,0,0,9,0,0,0,0,1,0,63276,0,0,1,0,0,70,TRUE,0
Rayan Aït-Nouri,DEF,Wolves,0.9,0,0,6,0,3.5,0.02,0.04,0.02,1.24,2,0,1.4,9,83,1,0,0,0,0,1,0,204670,1,0,2,1,1,45,FALSE,0
Reece James,DEF,Chelsea,0,0,0,0,0,0,0,0,0,0,0,0,0,0,0,13,0,0,0,0,1,0,9795,0,2,0,0,0,50,TRUE,0
Reiss Nelson,MID,Arsenal,2.6,0,0,0,0,0,0,0,0,0,0,0,0,0,0,20,0,0,0,0,1,0,3576,0,0,2,0,0,50,TRUE,0
Remi Matthews,GK,Crystal Palace,1,0,0,0,0,0,0,0,0,0,0,0,0,0,0,4,0,0,0,0,1,0,90762,0,1,2,0,0,40,FALSE,0
Renato Palma Veiga,MID,Chelsea,0,0,0,2,0,0.5,0,0,0,0.08,1,0,0,0,10,13,0,0,0,0,1,0,7438,0,2,0,0,1,45,TRUE,0
Rhys Williams,DEF,Liverpool,2,0,0,0,0,0,0,0,0,0,0,0,0,0,0,10,0,0,0,0,1,0,15921,0,2,0,0,0,40,FALSE,0
Ricardo Barbosa Pereira,DEF,Leicester,1.4,0,0,0,0,0,0,0,0,0,0,0,0,0,0,18,0,0,0,0,1,0,19824,0,1,1,0,0,45,TRUE,0
Riccardo Calafiori,DEF,Arsenal,4.2,0,0,0,0,0,0,0,0,0,0,0,0,0,0,20,0,0,0,0,1,0,226287,0,0,2,0,0,60,TRUE,0
Richarlison de Andrade,FWD,Spurs,2.7,0,0,-1,0,1,0,0.19,0.19,0.06,0,0,0.7,0,1,11,0,0,0,0,1,0,94269,0,1,1,7,1,70,FALSE,0
Rico Henry,DEF,Brentford,0.5,0,0,0,0,0,0,0,0,0,0,0,0,0,0,7,0,0,0,0,1,0,8033,0,1,2,0,0,45,TRUE,0
Rico Lewis,DEF,Man City,2.9,0,0,22,1,3.3,0.01,0.01,0,1.01,0,0,2.6,15,90,6,0,0,0,0,1,0,40016,1,2,0,8,6,45,FALSE,0
Rob Holding,DEF,Crystal Palace,1.9,0,0,0,0,0,0,0,0,0,0,0,0,0,0,4,0,0,0,0,1,0,8984,0,1,2,0,0,45,FALSE,0
Robert Sánchez,GK,Chelsea,1.2,0,0,7,0,0,0,0,0,0.77,2,0,2.3,23.4,90,13,0,0,0,0,1,3,226022,1,2,0,0,2,45,TRUE,0
Robin Olsen,GK,Aston Villa,1.1,0,0,0,0,0,0,0,0,0,0,0,0,0,0,19,0,0,0,0,1,0,9628,0,2,1,0,0,45,FALSE,0
Rodrigo Bentancur,MID,Spurs,2.1,0,0,15,0,4.8,0.04,0.31,0.27,0.9,1,0,4.4,9.8,77,11,0,0,0,0,1,0,21555,1,1,1,29,1,50,FALSE,1
Rodrigo Martins Gomes,MID,Wolves,1,0,0,6,0,6.3,0.01,0.06,0.05,1.18,2,0,1.5,0,74,1,0,0,0,0,1,0,13259,1,0,2,10,2,55,FALSE,0
Rodrigo Muniz Carvalho,FWD,Fulham,2,0,0,10,1,20.4,0,0.11,0.11,1.57,0,0,5.8,9.4,77,14,0,0,0,0,1,0,598942,1,0,1,28,2,60,FALSE,0
Rodrigo 'Rodri' Hernandez,MID,Man City,0,0,0,0,0,0,0,0,0,0,0,0,0,0,0,6,0,0,0,0,1,0,443257,0,2,0,0,0,65,FALSE,0
Roméo Lavia,MID,Chelsea,0,0,0,18,0,13.5,0.18,0.18,0,0.66,1,0,2.9,15.2,65,13,0,0,0,0,1,0,77766,1,2,0,0,2,45,TRUE,0
Romain Faivre,MID,Bournemouth,1.6,0,0,0,0,0,0,0,0,0,0,0,0,0,0,16,0,0,0,0,1,0,1707,0,1,1,0,0,50,FALSE,0
Romelu Lukaku Bolingoli,FWD,Chelsea,1.1,0,0,0,0,0,0,0,0,0,0,0,0,0,0,13,0,0,0,0,1,0,54070,0,2,0,0,0,65,TRUE,0
Ronnie Edwards,DEF,Southampton,0,0,0,0,0,0,0,0,0,0,0,0,0,0,0,15,0,0,0,0,1,0,14950,0,0,1,0,0,40,FALSE,0
Ross Barkley,MID,Aston Villa,2,0,0,0,0,0,0,0,0,0,0,0,0,0,0,19,0,0,0,0,1,0,77081,0,2,1,0,0,55,FALSE,0
Ross Stewart,FWD,Southampton,0,0,0,0,0,0,0,0,0,0,0,0,0,0,0,15,0,0,0,0,1,0,64653,0,0,1,0,0,45,FALSE,0
Ryan Christie,MID,Bournemouth,1.6,0,0,5,0,1.1,0.01,0.01,0,0.28,0,0,0.7,3.6,27,16,0,0,0,0,1,0,22131,0,1,1,2,1,50,FALSE,0
Ryan Fraser,MID,Newcastle,2.6,0,0,0,0,0,0,0,0,0,0,0,0,0,0,17,0,0,0,0,1,0,3106,0,0,1,0,0,50,TRUE,0
Ryan Gravenberch,MID,Liverpool,2.6,0,0,6,1,10.4,0.39,0.39,0,0.45,0,0,1.7,6.2,90,10,0,0,0,0,1,0,11117,1,2,0,0,3,50,FALSE,0
Ryan Manning,DEF,Southampton,0.9,0,0,0,0,0,0,0,0,0,0,0,0,0,0,15,0,0,0,0,1,0,6978,0,0,1,0,0,45,FALSE,0
Ryan Sessegnon,DEF,Fulham,1.9,0,0,0,0,0,0,0,0,0,0,0,0,0,0,14,0,0,0,0,1,0,18879,0,0,1,0,0,45,FALSE,0
Ryan Trevitt,MID,Brentford,1,0,0,0,0,0,0,0,0,0,0,0,0,0,0,7,0,0,0,0,1,0,2327,0,1,2,0,0,45,TRUE,0
Ryan Yates,MID,Nott'm Forest,1.6,1,2,29,0,16.9,0.03,0.27,0.24,0.94,1,0,6.5,12.4,75,3,0,0,0,0,1,0,4944,0,1,1,36,7,50,TRUE,0
Sávio 'Savinho' Moreira de Oliveira,MID,Man City,3.3,0,0,8,0,36.4,0.16,0.16,0,0.3,0,0,5.2,11.6,45,6,0,0,0,0,1,0,37980,1,2,0,4,1,65,FALSE,0
Séamus Coleman,DEF,Everton,0,0,0,0,0,0,0,0,0,0,0,0,0,0,0,5,0,0,0,0,1,0,4723,0,3,0,0,0,45,TRUE,0
Sékou Mara,FWD,Southampton,0.4,0,0,0,0,0,0,0,0,0,0,0,0,0,0,15,0,0,0,0,1,0,8265,0,0,1,0,0,50,FALSE,0
Saša Kalajdžić,FWD,Wolves,0.4,0,0,0,0,0,0,0,0,0,0,0,0,0,0,1,0,0,0,0,1,0,8814,0,0,2,0,0,50,FALSE,0
Saša Lukić,MID,Fulham,1.6,0,0,16,0,2.9,0.01,0.01,0,1.77,1,0,1.5,11.6,90,14,0,0,0,0,1,0,3707,1,0,1,0,2,50,FALSE,0
Sam Johnstone,GK,Crystal Palace,2.2,0,0,0,0,0,0,0,0,0,0,0,0,0,0,4,0,0,0,0,1,0,43430,0,1,2,0,0,45,FALSE,0
Sam Morsy,MID,Ipswich,0.6,0,0,14,0,15.9,0.08,0.08,0,2.65,2,0,3.4,16.2,90,12,0,0,0,0,1,0,16799,1,2,0,2,2,50,TRUE,0
Sam Szmodics,MID,Ipswich,1.2,0,0,2,0,10.3,0.02,0.02,0,0.58,0,0,1.4,3.4,16,12,0,0,0,0,1,0,10540,0,2,0,0,1,60,TRUE,0
Samuel Amo-Ameyaw,MID,Southampton,0,0,0,4,0,15,0.13,0.15,0.02,0,0,0,2.5,4,9,15,0,0,0,0,1,0,8926,0,0,1,6,1,45,FALSE,0
Samuel Edozie,MID,Southampton,0.6,0,0,0,0,18.5,0.15,0.15,0,0,0,0,4.1,6.8,45,15,0,0,0,0,1,0,2424,0,0,1,16,0,50,FALSE,1
Samuel Iling-Junior,MID,Aston Villa,2,0,0,0,0,0,0,0,0,0,0,0,0,0,0,19,0,0,0,0,1,0,6971,0,2,1,0,0,55,FALSE,0
Sandro Tonali,MID,Newcastle,0,0,0,0,0,0,0,0,0,0,0,0,0,0,0,17,0,0,0,0,1,0,4653,0,0,1,0,0,55,TRUE,0
Santiago Bueno,DEF,Wolves,0.9,0,0,0,0,0,0,0,0,0,0,0,0,0,0,1,0,0,0,0,1,0,7482,0,0,2,0,0,45,FALSE,0
Scott Carson,GK,Man City,2,0,0,0,0,0,0,0,0,0,0,0,0,0,0,6,0,0,0,0,1,0,14823,0,2,0,0,0,40,FALSE,0
Scott McTominay,MID,Man Utd,1.6,0,0,3,0,0.1,0,0,0,0.06,0,0,0.1,0.6,6,9,0,0,0,0,1,0,93204,0,0,1,0,1,50,TRUE,0
Sean Longstaff,MID,Newcastle,2.6,0,0,11,1,1.3,0.01,0.01,0,1.77,0,0,1.5,9.4,90,17,0,0,0,0,1,0,103817,1,0,1,4,3,50,TRUE,0
Sepp van den Berg,DEF,Liverpool,2,0,0,0,0,0,0,0,0,0,0,0,0,0,0,10,0,0,0,0,1,0,32790,0,2,0,0,0,40,FALSE,0
Sergio Reguilón,DEF,Spurs,2.4,0,0,0,0,0,0,0,0,0,0,0,0,0,0,11,0,0,0,0,1,0,27926,0,1,1,0,0,45,FALSE,0
Shea Charles,MID,Southampton,0,0,0,0,0,0,0,0,0,0,0,0,0,0,0,15,0,0,0,0,1,0,7613,0,0,1,0,0,45,FALSE,0
Simon Adingra,MID,Brighton,2,0,0,24,0,6.5,0.05,0.22,0.17,0.21,0,1,7.2,39.6,45,8,0,0,0,0,1,0,42304,0,3,0,26,6,55,FALSE,0
Solly March,MID,Brighton,0,0,0,0,0,0,0,0,0,0,0,0,0,0,0,8,0,0,0,0,1,0,612,0,3,0,0,0,65,FALSE,0
Son Heung-min,MID,Spurs,3.8,0,0,18,0,32.2,0.3,0.33,0.03,0.96,1,0,6.7,12.6,90,11,0,0,0,0,1,0,871012,1,1,1,22,2,100,FALSE,0
Stefan Bajčetić Maquieira,MID,Liverpool,2,0,0,0,0,0,0,0,0,0,0,0,0,0,0,10,0,0,0,0,1,0,16261,0,2,0,0,0,45,FALSE,0
Stefan Ortega Moreno,GK,Man City,5,0,0,0,0,0,0,0,0,0,0,0,0,0,0,6,0,0,0,0,1,0,77703,0,2,0,0,0,55,FALSE,0
Stephy Mavididi,MID,Leicester,1.5,0,0,4,0,14.1,0.03,0.03,0,0.25,0,0,2,6.2,11,18,0,0,0,0,1,0,46533,0,1,1,0,1,55,TRUE,0
Steven Benda,GK,Fulham,1,0,0,0,0,0,0,0,0,0,0,0,0,0,0,14,0,0,0,0,1,0,38417,0,0,1,0,0,40,FALSE,0
Sugawara Yukinari,DEF,Southampton,0.9,0,0,6,0,15.1,0.22,0.22,0,0.25,1,0,2.3,6,45,15,0,0,0,0,1,0,13339,1,0,1,2,1,45,FALSE,0
Sven Botman,DEF,Newcastle,0,0,0,0,0,0,0,0,0,0,0,0,0,0,0,17,0,0,0,0,1,0,1632,0,0,1,0,0,45,TRUE,0
Taiwo Awoniyi,FWD,Nott'm Forest,2,0,0,6,0,1,0.03,0.15,0.12,0.59,1,0,2.3,3.4,18,3,0,0,0,0,1,0,84610,0,1,1,19,1,60,TRUE,0
Tariq Lamptey,DEF,Brighton,1,0,0,0,0,0,0,0,0,0,0,0,0,0,0,8,0,0,0,0,1,0,21842,0,3,0,0,0,45,FALSE,0
Tawanda Chirewa,MID,Wolves,0,0,0,0,0,0,0,0,0,0,0,0,0,0,0,1,0,0,0,0,1,0,7608,0,0,2,0,0,45,FALSE,0
Taylor Harwood-Bellis,DEF,Southampton,0,0,0,6,0,14,0.02,0.02,0,0.25,1,0,3.8,17.6,90,15,0,0,0,0,1,0,934150,1,0,1,6,1,40,FALSE,1
Thomas Partey,MID,Arsenal,2.6,0,0,16,1,43.6,0.06,0.12,0.06,0.47,0,0,5.9,14.4,90,20,0,0,0,0,1,0,6975,1,0,2,1,3,50,TRUE,0
Tim Iroegbunam,MID,Everton,1,0,0,6,0,2.5,0.01,0.15,0.14,1.43,3,0,3.1,18.8,90,5,0,0,0,0,1,0,14609,1,3,0,10,2,45,TRUE,0
Tim Ream,DEF,Fulham,0,0,0,0,0,0,0,0,0,0,0,0,0,0,0,14,0,0,0,0,1,0,1776,0,0,1,0,0,45,FALSE,0
Timo Werner,MID,Spurs,2.8,0,0,3,0,5.8,0.02,0.02,0,0.12,0,0,1.2,2.2,12,11,0,0,0,0,1,0,25680,0,1,1,4,1,65,FALSE,0
Timothy Castagne,DEF,Fulham,1.9,0,0,0,0,0,0,0,0,0,0,0,0,0,0,14,0,0,0,0,1,0,267974,0,0,1,0,0,45,FALSE,0
Tino Livramento,DEF,Newcastle,2.9,0,1,25,1,0.6,0,0,0,1.77,0,0,2.1,20,90,17,0,0,0,0,1,0,100126,1,0,1,0,7,45,TRUE,0
Toby Collyer,MID,Man Utd,1,0,0,0,0,0,0,0,0,0,0,0,0,0,0,9,0,0,0,0,1,0,0,0,0,1,0,0,45,TRUE,0
Tom Cairney,MID,Fulham,1.6,0,0,2,0,11.7,0.05,0.05,0,0.94,1,0,2,3.8,26,14,0,0,0,0,1,0,3772,0,0,1,4,0,50,FALSE,1
Tom Cannon,FWD,Leicester,0.5,0,0,0,0,0,0,0,0,0,0,0,0,0,0,18,0,0,0,0,1,0,116261,0,1,1,0,0,45,TRUE,0
Tom Heaton,GK,Man Utd,1,0,0,0,0,0,0,0,0,0,0,0,0,0,0,9,0,0,0,0,1,0,20061,0,0,1,0,0,40,TRUE,0
Tom King,GK,Wolves,0,0,0,0,0,0,0,0,0,0,0,0,0,0,0,1,0,0,0,0,1,0,96111,0,0,2,0,0,40,FALSE,0
Tomáš Souček,MID,West Ham,1.6,1,0,8,0,20.8,0.12,1.22,1.1,2.03,2,0,5.9,3.4,90,2,0,0,0,0,1,0,210697,1,2,1,35,5,50,TRUE,0
Tomiyasu Takehiro,DEF,Arsenal,0,0,0,0,0,0,0,0,0,0,0,0,0,0,0,20,0,0,0,0,1,0,8462,0,0,2,0,0,50,TRUE,0
Tommy Doyle,MID,Wolves,0.6,0,0,0,0,0,0,0,0,0,0,0,0,0,0,1,0,0,0,0,1,0,4063,0,0,2,0,0,50,FALSE,0
Tosin Adarabioyo,DEF,Chelsea,0.9,0,0,0,0,0,0,0,0,0,0,0,0,0,0,13,0,0,0,0,1,0,23505,0,2,0,0,0,45,TRUE,0
Toti António Gomes,DEF,Wolves,0.9,0,0,-6,0,1.3,0.01,0.01,0,1.24,2,0,1.6,8.4,90,1,0,0,0,0,1,0,21377,1,0,2,6,0,45,FALSE,1
Trent Alexander-Arnold,DEF,Liverpool,5,0,2,31,1,43.7,1,1.06,0.06,0.41,0,0,5.6,9,76,10,0,0,0,0,1,0,2560092,1,2,0,3,8,70,FALSE,0
Trevoh Chalobah,DEF,Chelsea,0.9,0,0,0,0,0,0,0,0,0,0,0,0,0,0,13,0,0,0,0,1,0,15983,0,2,0,0,0,45,TRUE,0
Tyler Adams,MID,Bournemouth,0,0,0,0,0,0,0,0,0,0,0,0,0,0,0,16,0,0,0,0,1,0,792,0,1,1,0,0,50,FALSE,0
Tyler Dibling,MID,Southampton,0,0,0,6,0,12.3,0.02,0.02,0,0,0,0,1.5,2.8,20,15,0,0,0,0,1,0,2073,0,0,1,0,1,45,FALSE,0
Tyler Morton,MID,Liverpool,2,0,0,0,0,0,0,0,0,0,0,0,0,0,0,10,0,0,0,0,1,0,4200,0,2,0,0,0,45,FALSE,0
Tyrell Malacia,DEF,Man Utd,0,0,0,0,0,0,0,0,0,0,0,0,0,0,0,9,0,0,0,0,1,0,1453,0,0,1,0,0,45,TRUE,0
Tyrick Mitchell,DEF,Crystal Palace,2.4,0,0,6,0,27,0.03,0.15,0.12,1.59,2,0,4.7,13.8,90,4,0,0,0,0,1,0,224405,1,1,2,6,1,50,FALSE,0
Tyrone Mings,DEF,Aston Villa,0,0,0,0,0,0,0,0,0,0,0,0,0,0,0,19,0,0,0,0,1,0,7726,0,2,1,0,0,45,FALSE,0
Valentín Barco,DEF,Brighton,1,0,0,0,0,0,0,0,0,0,0,0,0,0,0,8,0,0,0,0,1,0,2127451,0,3,0,0,0,40,FALSE,0
Victor Kristiansen,DEF,Leicester,1.4,0,0,9,0,8.9,0.03,0.03,0,1.23,1,0,3.1,22.2,90,18,0,0,0,0,1,0,9441,1,1,1,0,2,45,TRUE,0
Victor Lindelöf,DEF,Man Utd,1.9,0,0,0,0,0,0,0,0,0,0,0,0,0,0,9,0,0,0,0,1,0,17901,0,0,1,0,0,45,TRUE,0
Viljami Sinisalo,GK,Aston Villa,0,0,0,0,0,0,0,0,0,0,0,0,0,0,0,19,0,0,0,0,1,0,153,0,2,1,0,0,40,FALSE,0
Virgil van Dijk,DEF,Liverpool,4.2,0,0,24,1,1.5,0.01,0.01,0,0.45,0,0,1.4,8.8,90,10,0,0,0,0,1,0,1021672,1,2,0,4,6,60,FALSE,0
Vitalii Mykolenko,DEF,Everton,1.9,0,0,-5,0,1.2,0,0,0,1.43,3,0,0.8,4.8,90,5,0,0,0,0,1,0,854973,1,3,0,2,1,45,TRUE,0
Vitaly Janelt,MID,Brentford,1.6,0,0,10,0,15.1,0.03,0.1,0.07,0.5,1,0,3.1,11.2,73,7,0,0,0,0,1,0,16717,1,1,2,5,2,50,TRUE,0
Vladimír Coufal,DEF,West Ham,1.9,0,0,-1,0,15.2,0.1,0.1,0,1.96,2,0,3.3,18,84,2,0,0,0,0,1,0,76370,1,2,1,0,1,45,TRUE,0
Wanya Marçal-Madivádua,MID,Leicester,0.5,0,0,0,0,0,0,0,0,0,0,0,0,0,0,18,0,0,0,0,1,0,4212,0,1,1,0,0,45,TRUE,0
Wes Burns,MID,Ipswich,0.6,0,0,-2,0,1.8,0,0,0,0.46,0,0,0,0,56,12,0,0,0,0,1,0,8811,1,2,0,2,0,50,TRUE,1
Wes Foderingham,GK,West Ham,2.2,0,0,0,0,0,0,0,0,0,0,0,0,0,0,2,0,0,0,0,1,0,14365,0,2,1,0,0,45,TRUE,0
Wesley Fofana,DEF,Chelsea,0.9,0,0,3,0,1.3,0.01,0.05,0.04,0.77,2,0,1.9,11.6,90,13,0,0,0,0,1,0,22753,1,2,0,6,1,45,TRUE,0
Wilfred Ndidi,MID,Leicester,1.1,0,0,14,0,1.1,0.01,0.08,0.07,1.23,1,0,4.8,24,90,18,0,0,0,0,1,0,12929,1,1,1,23,2,50,TRUE,0
Will Alves,MID,Leicester,0.5,0,0,0,0,0,0,0,0,0,0,0,0,0,0,18,0,0,0,0,1,0,4472,0,1,1,0,0,45,TRUE,0
Will Dennis,GK,Bournemouth,1,0,0,0,0,0,0,0,0,0,0,0,0,0,0,16,0,0,0,0,1,0,15836,0,1,1,0,0,40,FALSE,0
Will Hughes,MID,Crystal Palace,1.6,0,0,10,0,14,0.05,0.05,0,1.59,2,0,3.2,14.2,83,4,0,0,0,0,1,0,4041,1,1,2,4,2,50,FALSE,0
Will Lankshear,FWD,Spurs,1.5,0,0,0,0,0,0,0,0,0,0,0,0,0,0,11,0,0,0,0,1,0,17747,0,1,1,0,0,45,FALSE,0
Will Smallbone,MID,Southampton,0.6,0,0,13,0,7.7,0.25,0.56,0.31,0.25,1,0,4.1,4.8,90,15,0,0,0,0,1,0,4947,1,0,1,28,2,50,FALSE,0
William Osula,FWD,Newcastle,2.4,0,0,0,0,0,0,0,0,0,0,0,0,0,0,17,0,0,0,0,1,0,9145,0,0,1,0,0,50,TRUE,0
William Saliba,DEF,Arsenal,4.2,0,0,26,1,0.9,0,0,0,0.47,0,0,1.6,14.8,90,20,0,0,0,0,1,0,3490919,1,0,2,0,6,60,TRUE,0
Willy Boly,DEF,Nott'm Forest,1.9,0,0,10,0,0.1,0,0.07,0.07,1.22,1,0,4.9,32,90,3,0,0,0,0,1,0,21461,1,1,1,17,2,45,TRUE,0
Wilson Odobert,MID,Spurs,2.5,0,0,0,0,0,0,0,0,0,0,0,0,0,0,11,0,0,0,0,1,0,954,0,1,1,0,0,55,FALSE,0
Wout Faes,DEF,Leicester,0.5,0,0,7,0,0.3,0,0,0,1.23,1,0,1.6,15.4,90,18,0,0,0,0,1,0,616143,1,1,1,0,1,40,TRUE,1
Yankuba Minteh,MID,Brighton,2,1,0,18,0,31.4,0.65,0.65,0,0.25,0,0,6.4,25,45,8,0,0,0,0,1,0,119994,1,3,0,8,4,55,FALSE,0
Yasin Ayari,MID,Brighton,1.6,0,0,0,0,0.1,0,0,0,0,0,0,0,0,1,8,0,0,0,0,1,0,754,0,3,0,0,1,50,FALSE,0
Yehor Yarmoliuk,MID,Brentford,1,0,0,0,0,0,0,0,0,0,0,0,0,0,0,7,0,0,0,0,1,0,263488,0,1,2,0,0,45,TRUE,0
Yerson Mosquera,DEF,Wolves,0,0,0,8,0,14.9,0.02,0.02,0,1.24,2,0,3.7,21.8,90,1,0,0,0,0,1,0,40717,1,0,2,0,1,40,FALSE,0
Yoane Wissa,FWD,Brentford,2,1,3,47,0,14.2,0.01,1.01,1,0.61,1,1,10.8,50.2,83,7,0,0,0,0,1,0,232431,1,1,2,44,11,60,TRUE,1
Youri Tielemans,MID,Aston Villa,2,1,2,33,0,42.5,0.24,0.42,0.18,2.46,1,0,7.9,32.4,90,19,0,0,0,0,1,0,49190,1,2,1,4,7,55,FALSE,0
Youssef Ramalho Chermiti,FWD,Everton,0,0,0,0,0,0,0,0,0,0,0,0,0,0,0,5,0,0,0,0,1,0,1528,0,3,0,0,0,50,TRUE,0
Yunus Emre Konak,MID,Brentford,1,0,0,0,0,0,0,0,0,0,0,0,0,0,0,7,0,0,0,0,1,0,5009,0,1,2,0,0,45,TRUE,0
Yves Bissouma,MID,Spurs,0,0,0,0,0,0,0,0,0,0,0,0,0,0,0,11,0,0,0,0,1,0,10961,0,1,1,0,0,50,FALSE,0
